year,month,starthour,season,weekday,trips
2019,Jan,00,Winter,Friday,953
2019,Jan,00,Winter,Monday,558
2019,Jan,00,Winter,Saturday,1434
2019,Jan,00,Winter,Sunday,1305
2019,Jan,00,Winter,Thursday,929
2019,Jan,00,Winter,Tuesday,693
2019,Jan,00,Winter,Wednesday,797
2019,Jan,01,Winter,Friday,483
2019,Jan,01,Winter,Monday,294
2019,Jan,01,Winter,Saturday,793
2019,Jan,01,Winter,Sunday,903
2019,Jan,01,Winter,Thursday,414
2019,Jan,01,Winter,Tuesday,553
2019,Jan,01,Winter,Wednesday,471
2019,Jan,02,Winter,Friday,259
2019,Jan,02,Winter,Monday,153
2019,Jan,02,Winter,Saturday,472
2019,Jan,02,Winter,Sunday,513
2019,Jan,02,Winter,Thursday,250
2019,Jan,02,Winter,Tuesday,423
2019,Jan,02,Winter,Wednesday,268
2019,Jan,03,Winter,Friday,171
2019,Jan,03,Winter,Monday,93
2019,Jan,03,Winter,Saturday,355
2019,Jan,03,Winter,Sunday,333
2019,Jan,03,Winter,Thursday,176
2019,Jan,03,Winter,Tuesday,289
2019,Jan,03,Winter,Wednesday,164
2019,Jan,04,Winter,Friday,290
2019,Jan,04,Winter,Monday,280
2019,Jan,04,Winter,Saturday,244
2019,Jan,04,Winter,Sunday,233
2019,Jan,04,Winter,Thursday,344
2019,Jan,04,Winter,Tuesday,391
2019,Jan,04,Winter,Wednesday,388
2019,Jan,05,Winter,Friday,1293
2019,Jan,05,Winter,Monday,1279
2019,Jan,05,Winter,Saturday,248
2019,Jan,05,Winter,Sunday,217
2019,Jan,05,Winter,Thursday,1693
2019,Jan,05,Winter,Tuesday,1403
2019,Jan,05,Winter,Wednesday,1932
2019,Jan,06,Winter,Friday,4220
2019,Jan,06,Winter,Monday,3743
2019,Jan,06,Winter,Saturday,743
2019,Jan,06,Winter,Sunday,474
2019,Jan,06,Winter,Thursday,4903
2019,Jan,06,Winter,Tuesday,4612
2019,Jan,06,Winter,Wednesday,6165
2019,Jan,07,Winter,Friday,8884
2019,Jan,07,Winter,Monday,7670
2019,Jan,07,Winter,Saturday,1677
2019,Jan,07,Winter,Sunday,1127
2019,Jan,07,Winter,Thursday,9939
2019,Jan,07,Winter,Tuesday,9421
2019,Jan,07,Winter,Wednesday,12974
2019,Jan,08,Winter,Friday,15749
2019,Jan,08,Winter,Monday,12699
2019,Jan,08,Winter,Saturday,3164
2019,Jan,08,Winter,Sunday,2292
2019,Jan,08,Winter,Thursday,17510
2019,Jan,08,Winter,Tuesday,16793
2019,Jan,08,Winter,Wednesday,22086
2019,Jan,09,Winter,Friday,11820
2019,Jan,09,Winter,Monday,8514
2019,Jan,09,Winter,Saturday,5034
2019,Jan,09,Winter,Sunday,4107
2019,Jan,09,Winter,Thursday,11833
2019,Jan,09,Winter,Tuesday,11836
2019,Jan,09,Winter,Wednesday,14825
2019,Jan,10,Winter,Friday,6376
2019,Jan,10,Winter,Monday,4534
2019,Jan,10,Winter,Saturday,6345
2019,Jan,10,Winter,Sunday,6299
2019,Jan,10,Winter,Thursday,5940
2019,Jan,10,Winter,Tuesday,6522
2019,Jan,10,Winter,Wednesday,7618
2019,Jan,11,Winter,Friday,6058
2019,Jan,11,Winter,Monday,4045
2019,Jan,11,Winter,Saturday,7065
2019,Jan,11,Winter,Sunday,7638
2019,Jan,11,Winter,Thursday,5296
2019,Jan,11,Winter,Tuesday,6595
2019,Jan,11,Winter,Wednesday,6952
2019,Jan,12,Winter,Friday,7182
2019,Jan,12,Winter,Monday,4907
2019,Jan,12,Winter,Saturday,7733
2019,Jan,12,Winter,Sunday,9214
2019,Jan,12,Winter,Thursday,6157
2019,Jan,12,Winter,Tuesday,7859
2019,Jan,12,Winter,Wednesday,8352
2019,Jan,13,Winter,Friday,7535
2019,Jan,13,Winter,Monday,5128
2019,Jan,13,Winter,Saturday,8364
2019,Jan,13,Winter,Sunday,9834
2019,Jan,13,Winter,Thursday,6518
2019,Jan,13,Winter,Tuesday,8634
2019,Jan,13,Winter,Wednesday,8610
2019,Jan,14,Winter,Friday,8068
2019,Jan,14,Winter,Monday,5295
2019,Jan,14,Winter,Saturday,8150
2019,Jan,14,Winter,Sunday,9652
2019,Jan,14,Winter,Thursday,6865
2019,Jan,14,Winter,Tuesday,9230
2019,Jan,14,Winter,Wednesday,9019
2019,Jan,15,Winter,Friday,8426
2019,Jan,15,Winter,Monday,5853
2019,Jan,15,Winter,Saturday,7619
2019,Jan,15,Winter,Sunday,9431
2019,Jan,15,Winter,Thursday,7448
2019,Jan,15,Winter,Tuesday,9634
2019,Jan,15,Winter,Wednesday,9485
2019,Jan,16,Winter,Friday,11126
2019,Jan,16,Winter,Monday,7802
2019,Jan,16,Winter,Saturday,7101
2019,Jan,16,Winter,Sunday,8791
2019,Jan,16,Winter,Thursday,9716
2019,Jan,16,Winter,Tuesday,11221
2019,Jan,16,Winter,Wednesday,11425
2019,Jan,17,Winter,Friday,15481
2019,Jan,17,Winter,Monday,12541
2019,Jan,17,Winter,Saturday,6134
2019,Jan,17,Winter,Sunday,7082
2019,Jan,17,Winter,Thursday,17512
2019,Jan,17,Winter,Tuesday,15794
2019,Jan,17,Winter,Wednesday,19294
2019,Jan,18,Winter,Friday,13247
2019,Jan,18,Winter,Monday,12292
2019,Jan,18,Winter,Saturday,5526
2019,Jan,18,Winter,Sunday,5953
2019,Jan,18,Winter,Thursday,16542
2019,Jan,18,Winter,Tuesday,14522
2019,Jan,18,Winter,Wednesday,18160
2019,Jan,19,Winter,Friday,8285
2019,Jan,19,Winter,Monday,7847
2019,Jan,19,Winter,Saturday,4774
2019,Jan,19,Winter,Sunday,4395
2019,Jan,19,Winter,Thursday,10916
2019,Jan,19,Winter,Tuesday,9334
2019,Jan,19,Winter,Wednesday,11875
2019,Jan,20,Winter,Friday,5315
2019,Jan,20,Winter,Monday,5012
2019,Jan,20,Winter,Saturday,3355
2019,Jan,20,Winter,Sunday,3352
2019,Jan,20,Winter,Thursday,7202
2019,Jan,20,Winter,Tuesday,6737
2019,Jan,20,Winter,Wednesday,7432
2019,Jan,21,Winter,Friday,3620
2019,Jan,21,Winter,Monday,3443
2019,Jan,21,Winter,Saturday,2498
2019,Jan,21,Winter,Sunday,2472
2019,Jan,21,Winter,Thursday,4747
2019,Jan,21,Winter,Tuesday,4592
2019,Jan,21,Winter,Wednesday,5170
2019,Jan,22,Winter,Friday,2774
2019,Jan,22,Winter,Monday,2150
2019,Jan,22,Winter,Saturday,2094
2019,Jan,22,Winter,Sunday,1814
2019,Jan,22,Winter,Thursday,3420
2019,Jan,22,Winter,Tuesday,3119
2019,Jan,22,Winter,Wednesday,3727
2019,Jan,23,Winter,Friday,2152
2019,Jan,23,Winter,Monday,1199
2019,Jan,23,Winter,Saturday,1687
2019,Jan,23,Winter,Sunday,1042
2019,Jan,23,Winter,Thursday,2045
2019,Jan,23,Winter,Tuesday,1476
2019,Jan,23,Winter,Wednesday,1920
2019,Feb,00,Winter,Friday,993
2019,Feb,00,Winter,Monday,656
2019,Feb,00,Winter,Saturday,1500
2019,Feb,00,Winter,Sunday,1373
2019,Feb,00,Winter,Thursday,548
2019,Feb,00,Winter,Tuesday,705
2019,Feb,00,Winter,Wednesday,588
2019,Feb,01,Winter,Friday,392
2019,Feb,01,Winter,Monday,352
2019,Feb,01,Winter,Saturday,957
2019,Feb,01,Winter,Sunday,940
2019,Feb,01,Winter,Thursday,266
2019,Feb,01,Winter,Tuesday,309
2019,Feb,01,Winter,Wednesday,289
2019,Feb,02,Winter,Friday,208
2019,Feb,02,Winter,Monday,191
2019,Feb,02,Winter,Saturday,575
2019,Feb,02,Winter,Sunday,539
2019,Feb,02,Winter,Thursday,132
2019,Feb,02,Winter,Tuesday,169
2019,Feb,02,Winter,Wednesday,183
2019,Feb,03,Winter,Friday,176
2019,Feb,03,Winter,Monday,115
2019,Feb,03,Winter,Saturday,352
2019,Feb,03,Winter,Sunday,268
2019,Feb,03,Winter,Thursday,109
2019,Feb,03,Winter,Tuesday,129
2019,Feb,03,Winter,Wednesday,103
2019,Feb,04,Winter,Friday,289
2019,Feb,04,Winter,Monday,269
2019,Feb,04,Winter,Saturday,266
2019,Feb,04,Winter,Sunday,243
2019,Feb,04,Winter,Thursday,270
2019,Feb,04,Winter,Tuesday,360
2019,Feb,04,Winter,Wednesday,293
2019,Feb,05,Winter,Friday,1274
2019,Feb,05,Winter,Monday,1195
2019,Feb,05,Winter,Saturday,294
2019,Feb,05,Winter,Sunday,200
2019,Feb,05,Winter,Thursday,1284
2019,Feb,05,Winter,Tuesday,1493
2019,Feb,05,Winter,Wednesday,1408
2019,Feb,06,Winter,Friday,3962
2019,Feb,06,Winter,Monday,3829
2019,Feb,06,Winter,Saturday,807
2019,Feb,06,Winter,Sunday,401
2019,Feb,06,Winter,Thursday,4368
2019,Feb,06,Winter,Tuesday,4936
2019,Feb,06,Winter,Wednesday,4772
2019,Feb,07,Winter,Friday,7618
2019,Feb,07,Winter,Monday,8107
2019,Feb,07,Winter,Saturday,1876
2019,Feb,07,Winter,Sunday,973
2019,Feb,07,Winter,Thursday,9564
2019,Feb,07,Winter,Tuesday,10321
2019,Feb,07,Winter,Wednesday,9940
2019,Feb,08,Winter,Friday,14207
2019,Feb,08,Winter,Monday,14106
2019,Feb,08,Winter,Saturday,3693
2019,Feb,08,Winter,Sunday,2250
2019,Feb,08,Winter,Thursday,16575
2019,Feb,08,Winter,Tuesday,17285
2019,Feb,08,Winter,Wednesday,17509
2019,Feb,09,Winter,Friday,10910
2019,Feb,09,Winter,Monday,9687
2019,Feb,09,Winter,Saturday,5644
2019,Feb,09,Winter,Sunday,4131
2019,Feb,09,Winter,Thursday,11773
2019,Feb,09,Winter,Tuesday,10876
2019,Feb,09,Winter,Wednesday,12410
2019,Feb,10,Winter,Friday,5875
2019,Feb,10,Winter,Monday,5797
2019,Feb,10,Winter,Saturday,7279
2019,Feb,10,Winter,Sunday,6120
2019,Feb,10,Winter,Thursday,6376
2019,Feb,10,Winter,Tuesday,5652
2019,Feb,10,Winter,Wednesday,6433
2019,Feb,11,Winter,Friday,6017
2019,Feb,11,Winter,Monday,5746
2019,Feb,11,Winter,Saturday,8498
2019,Feb,11,Winter,Sunday,7788
2019,Feb,11,Winter,Thursday,5980
2019,Feb,11,Winter,Tuesday,5051
2019,Feb,11,Winter,Wednesday,5480
2019,Feb,12,Winter,Friday,7239
2019,Feb,12,Winter,Monday,6937
2019,Feb,12,Winter,Saturday,9289
2019,Feb,12,Winter,Sunday,9052
2019,Feb,12,Winter,Thursday,7238
2019,Feb,12,Winter,Tuesday,5803
2019,Feb,12,Winter,Wednesday,5871
2019,Feb,13,Winter,Friday,7993
2019,Feb,13,Winter,Monday,7271
2019,Feb,13,Winter,Saturday,9516
2019,Feb,13,Winter,Sunday,9675
2019,Feb,13,Winter,Thursday,7514
2019,Feb,13,Winter,Tuesday,6093
2019,Feb,13,Winter,Wednesday,5718
2019,Feb,14,Winter,Friday,8550
2019,Feb,14,Winter,Monday,7526
2019,Feb,14,Winter,Saturday,9464
2019,Feb,14,Winter,Sunday,9831
2019,Feb,14,Winter,Thursday,7871
2019,Feb,14,Winter,Tuesday,6265
2019,Feb,14,Winter,Wednesday,5924
2019,Feb,15,Winter,Friday,9780
2019,Feb,15,Winter,Monday,8325
2019,Feb,15,Winter,Saturday,9292
2019,Feb,15,Winter,Sunday,10024
2019,Feb,15,Winter,Thursday,8766
2019,Feb,15,Winter,Tuesday,6923
2019,Feb,15,Winter,Wednesday,6266
2019,Feb,16,Winter,Friday,12047
2019,Feb,16,Winter,Monday,10409
2019,Feb,16,Winter,Saturday,9070
2019,Feb,16,Winter,Sunday,9470
2019,Feb,16,Winter,Thursday,11049
2019,Feb,16,Winter,Tuesday,8874
2019,Feb,16,Winter,Wednesday,7914
2019,Feb,17,Winter,Friday,16088
2019,Feb,17,Winter,Monday,15979
2019,Feb,17,Winter,Saturday,7800
2019,Feb,17,Winter,Sunday,8824
2019,Feb,17,Winter,Thursday,17871
2019,Feb,17,Winter,Tuesday,14407
2019,Feb,17,Winter,Wednesday,12481
2019,Feb,18,Winter,Friday,13115
2019,Feb,18,Winter,Monday,14469
2019,Feb,18,Winter,Saturday,6371
2019,Feb,18,Winter,Sunday,7002
2019,Feb,18,Winter,Thursday,16707
2019,Feb,18,Winter,Tuesday,13570
2019,Feb,18,Winter,Wednesday,10447
2019,Feb,19,Winter,Friday,8590
2019,Feb,19,Winter,Monday,9461
2019,Feb,19,Winter,Saturday,5340
2019,Feb,19,Winter,Sunday,5103
2019,Feb,19,Winter,Thursday,10378
2019,Feb,19,Winter,Tuesday,8871
2019,Feb,19,Winter,Wednesday,6617
2019,Feb,20,Winter,Friday,5555
2019,Feb,20,Winter,Monday,6140
2019,Feb,20,Winter,Saturday,3693
2019,Feb,20,Winter,Sunday,3419
2019,Feb,20,Winter,Thursday,6963
2019,Feb,20,Winter,Tuesday,5927
2019,Feb,20,Winter,Wednesday,4559
2019,Feb,21,Winter,Friday,3948
2019,Feb,21,Winter,Monday,4227
2019,Feb,21,Winter,Saturday,2729
2019,Feb,21,Winter,Sunday,2512
2019,Feb,21,Winter,Thursday,5091
2019,Feb,21,Winter,Tuesday,4066
2019,Feb,21,Winter,Wednesday,2822
2019,Feb,22,Winter,Friday,3089
2019,Feb,22,Winter,Monday,2781
2019,Feb,22,Winter,Saturday,2230
2019,Feb,22,Winter,Sunday,2686
2019,Feb,22,Winter,Thursday,3687
2019,Feb,22,Winter,Tuesday,2700
2019,Feb,22,Winter,Wednesday,1952
2019,Feb,23,Winter,Friday,2178
2019,Feb,23,Winter,Monday,1480
2019,Feb,23,Winter,Saturday,1874
2019,Feb,23,Winter,Sunday,1550
2019,Feb,23,Winter,Thursday,2169
2019,Feb,23,Winter,Tuesday,1422
2019,Feb,23,Winter,Wednesday,1078
2019,Mar,00,Spring,Friday,1508
2019,Mar,00,Spring,Monday,667
2019,Mar,00,Spring,Saturday,2794
2019,Mar,00,Spring,Sunday,2595
2019,Mar,00,Spring,Thursday,1056
2019,Mar,00,Spring,Tuesday,857
2019,Mar,00,Spring,Wednesday,893
2019,Mar,01,Spring,Friday,664
2019,Mar,01,Spring,Monday,321
2019,Mar,01,Spring,Saturday,1606
2019,Mar,01,Spring,Sunday,1879
2019,Mar,01,Spring,Thursday,505
2019,Mar,01,Spring,Tuesday,373
2019,Mar,01,Spring,Wednesday,400
2019,Mar,02,Spring,Friday,335
2019,Mar,02,Spring,Monday,188
2019,Mar,02,Spring,Saturday,1026
2019,Mar,02,Spring,Sunday,995
2019,Mar,02,Spring,Thursday,249
2019,Mar,02,Spring,Tuesday,209
2019,Mar,02,Spring,Wednesday,255
2019,Mar,03,Spring,Friday,246
2019,Mar,03,Spring,Monday,152
2019,Mar,03,Spring,Saturday,586
2019,Mar,03,Spring,Sunday,792
2019,Mar,03,Spring,Thursday,160
2019,Mar,03,Spring,Tuesday,140
2019,Mar,03,Spring,Wednesday,143
2019,Mar,04,Spring,Friday,373
2019,Mar,04,Spring,Monday,305
2019,Mar,04,Spring,Saturday,385
2019,Mar,04,Spring,Sunday,408
2019,Mar,04,Spring,Thursday,388
2019,Mar,04,Spring,Tuesday,350
2019,Mar,04,Spring,Wednesday,336
2019,Mar,05,Spring,Friday,1397
2019,Mar,05,Spring,Monday,1390
2019,Mar,05,Spring,Saturday,426
2019,Mar,05,Spring,Sunday,419
2019,Mar,05,Spring,Thursday,1485
2019,Mar,05,Spring,Tuesday,1594
2019,Mar,05,Spring,Wednesday,1571
2019,Mar,06,Spring,Friday,4551
2019,Mar,06,Spring,Monday,4343
2019,Mar,06,Spring,Saturday,1020
2019,Mar,06,Spring,Sunday,854
2019,Mar,06,Spring,Thursday,4976
2019,Mar,06,Spring,Tuesday,5369
2019,Mar,06,Spring,Wednesday,5284
2019,Mar,07,Spring,Friday,9451
2019,Mar,07,Spring,Monday,9249
2019,Mar,07,Spring,Saturday,2558
2019,Mar,07,Spring,Sunday,1902
2019,Mar,07,Spring,Thursday,10421
2019,Mar,07,Spring,Tuesday,11357
2019,Mar,07,Spring,Wednesday,11141
2019,Mar,08,Spring,Friday,18697
2019,Mar,08,Spring,Monday,17479
2019,Mar,08,Spring,Saturday,5297
2019,Mar,08,Spring,Sunday,4006
2019,Mar,08,Spring,Thursday,17576
2019,Mar,08,Spring,Tuesday,20335
2019,Mar,08,Spring,Wednesday,19951
2019,Mar,09,Spring,Friday,15193
2019,Mar,09,Spring,Monday,12815
2019,Mar,09,Spring,Saturday,8781
2019,Mar,09,Spring,Sunday,6900
2019,Mar,09,Spring,Thursday,13307
2019,Mar,09,Spring,Tuesday,14459
2019,Mar,09,Spring,Wednesday,15004
2019,Mar,10,Spring,Friday,9186
2019,Mar,10,Spring,Monday,6999
2019,Mar,10,Spring,Saturday,11951
2019,Mar,10,Spring,Sunday,9754
2019,Mar,10,Spring,Thursday,7015
2019,Mar,10,Spring,Tuesday,7671
2019,Mar,10,Spring,Wednesday,8186
2019,Mar,11,Spring,Friday,8986
2019,Mar,11,Spring,Monday,6621
2019,Mar,11,Spring,Saturday,14407
2019,Mar,11,Spring,Sunday,10910
2019,Mar,11,Spring,Thursday,6736
2019,Mar,11,Spring,Tuesday,7054
2019,Mar,11,Spring,Wednesday,7693
2019,Mar,12,Spring,Friday,11018
2019,Mar,12,Spring,Monday,7747
2019,Mar,12,Spring,Saturday,16686
2019,Mar,12,Spring,Sunday,12866
2019,Mar,12,Spring,Thursday,7908
2019,Mar,12,Spring,Tuesday,8196
2019,Mar,12,Spring,Wednesday,8889
2019,Mar,13,Spring,Friday,11993
2019,Mar,13,Spring,Monday,8240
2019,Mar,13,Spring,Saturday,18460
2019,Mar,13,Spring,Sunday,14112
2019,Mar,13,Spring,Thursday,7968
2019,Mar,13,Spring,Tuesday,8591
2019,Mar,13,Spring,Wednesday,9014
2019,Mar,14,Spring,Friday,12926
2019,Mar,14,Spring,Monday,8713
2019,Mar,14,Spring,Saturday,18669
2019,Mar,14,Spring,Sunday,14347
2019,Mar,14,Spring,Thursday,8350
2019,Mar,14,Spring,Tuesday,8734
2019,Mar,14,Spring,Wednesday,9374
2019,Mar,15,Spring,Friday,13913
2019,Mar,15,Spring,Monday,9555
2019,Mar,15,Spring,Saturday,18927
2019,Mar,15,Spring,Sunday,14937
2019,Mar,15,Spring,Thursday,9315
2019,Mar,15,Spring,Tuesday,9664
2019,Mar,15,Spring,Wednesday,10166
2019,Mar,16,Spring,Friday,17625
2019,Mar,16,Spring,Monday,12342
2019,Mar,16,Spring,Saturday,18232
2019,Mar,16,Spring,Sunday,14757
2019,Mar,16,Spring,Thursday,10982
2019,Mar,16,Spring,Tuesday,12329
2019,Mar,16,Spring,Wednesday,12531
2019,Mar,17,Spring,Friday,25726
2019,Mar,17,Spring,Monday,20922
2019,Mar,17,Spring,Saturday,16540
2019,Mar,17,Spring,Sunday,13777
2019,Mar,17,Spring,Thursday,17722
2019,Mar,17,Spring,Tuesday,20883
2019,Mar,17,Spring,Wednesday,20425
2019,Mar,18,Spring,Friday,22390
2019,Mar,18,Spring,Monday,20852
2019,Mar,18,Spring,Saturday,13875
2019,Mar,18,Spring,Sunday,12005
2019,Mar,18,Spring,Thursday,16729
2019,Mar,18,Spring,Tuesday,21084
2019,Mar,18,Spring,Wednesday,19811
2019,Mar,19,Spring,Friday,14393
2019,Mar,19,Spring,Monday,12801
2019,Mar,19,Spring,Saturday,10371
2019,Mar,19,Spring,Sunday,8625
2019,Mar,19,Spring,Thursday,11598
2019,Mar,19,Spring,Tuesday,13287
2019,Mar,19,Spring,Wednesday,12373
2019,Mar,20,Spring,Friday,9237
2019,Mar,20,Spring,Monday,8054
2019,Mar,20,Spring,Saturday,7133
2019,Mar,20,Spring,Sunday,6082
2019,Mar,20,Spring,Thursday,7761
2019,Mar,20,Spring,Tuesday,8478
2019,Mar,20,Spring,Wednesday,8073
2019,Mar,21,Spring,Friday,5142
2019,Mar,21,Spring,Monday,5471
2019,Mar,21,Spring,Saturday,5370
2019,Mar,21,Spring,Sunday,4324
2019,Mar,21,Spring,Thursday,5055
2019,Mar,21,Spring,Tuesday,5731
2019,Mar,21,Spring,Wednesday,5518
2019,Mar,22,Spring,Friday,4290
2019,Mar,22,Spring,Monday,3597
2019,Mar,22,Spring,Saturday,4344
2019,Mar,22,Spring,Sunday,2935
2019,Mar,22,Spring,Thursday,3677
2019,Mar,22,Spring,Tuesday,3884
2019,Mar,22,Spring,Wednesday,3917
2019,Mar,23,Spring,Friday,3675
2019,Mar,23,Spring,Monday,1994
2019,Mar,23,Spring,Saturday,3660
2019,Mar,23,Spring,Sunday,1853
2019,Mar,23,Spring,Thursday,2201
2019,Mar,23,Spring,Tuesday,2070
2019,Mar,23,Spring,Wednesday,2303
2019,Apr,00,Spring,Friday,1847
2019,Apr,00,Spring,Monday,1386
2019,Apr,00,Spring,Saturday,1618
2019,Apr,00,Spring,Sunday,3369
2019,Apr,00,Spring,Thursday,1611
2019,Apr,00,Spring,Tuesday,1412
2019,Apr,00,Spring,Wednesday,1114
2019,Apr,01,Spring,Friday,1032
2019,Apr,01,Spring,Monday,644
2019,Apr,01,Spring,Saturday,1012
2019,Apr,01,Spring,Sunday,2232
2019,Apr,01,Spring,Thursday,716
2019,Apr,01,Spring,Tuesday,618
2019,Apr,01,Spring,Wednesday,554
2019,Apr,02,Spring,Friday,637
2019,Apr,02,Spring,Monday,302
2019,Apr,02,Spring,Saturday,718
2019,Apr,02,Spring,Sunday,1390
2019,Apr,02,Spring,Thursday,403
2019,Apr,02,Spring,Tuesday,378
2019,Apr,02,Spring,Wednesday,343
2019,Apr,03,Spring,Friday,352
2019,Apr,03,Spring,Monday,198
2019,Apr,03,Spring,Saturday,523
2019,Apr,03,Spring,Sunday,885
2019,Apr,03,Spring,Thursday,243
2019,Apr,03,Spring,Tuesday,226
2019,Apr,03,Spring,Wednesday,222
2019,Apr,04,Spring,Friday,396
2019,Apr,04,Spring,Monday,395
2019,Apr,04,Spring,Saturday,379
2019,Apr,04,Spring,Sunday,516
2019,Apr,04,Spring,Thursday,463
2019,Apr,04,Spring,Tuesday,490
2019,Apr,04,Spring,Wednesday,449
2019,Apr,05,Spring,Friday,1346
2019,Apr,05,Spring,Monday,1806
2019,Apr,05,Spring,Saturday,345
2019,Apr,05,Spring,Sunday,434
2019,Apr,05,Spring,Thursday,1947
2019,Apr,05,Spring,Tuesday,2546
2019,Apr,05,Spring,Wednesday,2010
2019,Apr,06,Spring,Friday,4844
2019,Apr,06,Spring,Monday,6593
2019,Apr,06,Spring,Saturday,973
2019,Apr,06,Spring,Sunday,1123
2019,Apr,06,Spring,Thursday,6731
2019,Apr,06,Spring,Tuesday,8584
2019,Apr,06,Spring,Wednesday,7237
2019,Apr,07,Spring,Friday,10308
2019,Apr,07,Spring,Monday,15147
2019,Apr,07,Spring,Saturday,2348
2019,Apr,07,Spring,Sunday,2591
2019,Apr,07,Spring,Thursday,14772
2019,Apr,07,Spring,Tuesday,18230
2019,Apr,07,Spring,Wednesday,15714
2019,Apr,08,Spring,Friday,20258
2019,Apr,08,Spring,Monday,28440
2019,Apr,08,Spring,Saturday,4874
2019,Apr,08,Spring,Sunday,5213
2019,Apr,08,Spring,Thursday,25207
2019,Apr,08,Spring,Tuesday,31379
2019,Apr,08,Spring,Wednesday,27208
2019,Apr,09,Spring,Friday,17365
2019,Apr,09,Spring,Monday,20895
2019,Apr,09,Spring,Saturday,8446
2019,Apr,09,Spring,Sunday,8849
2019,Apr,09,Spring,Thursday,18265
2019,Apr,09,Spring,Tuesday,22322
2019,Apr,09,Spring,Wednesday,19164
2019,Apr,10,Spring,Friday,10613
2019,Apr,10,Spring,Monday,11521
2019,Apr,10,Spring,Saturday,11579
2019,Apr,10,Spring,Sunday,13281
2019,Apr,10,Spring,Thursday,10597
2019,Apr,10,Spring,Tuesday,12607
2019,Apr,10,Spring,Wednesday,10921
2019,Apr,11,Spring,Friday,9581
2019,Apr,11,Spring,Monday,9315
2019,Apr,11,Spring,Saturday,15295
2019,Apr,11,Spring,Sunday,15485
2019,Apr,11,Spring,Thursday,10132
2019,Apr,11,Spring,Tuesday,12292
2019,Apr,11,Spring,Wednesday,10979
2019,Apr,12,Spring,Friday,9508
2019,Apr,12,Spring,Monday,12225
2019,Apr,12,Spring,Saturday,18844
2019,Apr,12,Spring,Sunday,18037
2019,Apr,12,Spring,Thursday,11589
2019,Apr,12,Spring,Tuesday,14236
2019,Apr,12,Spring,Wednesday,12807
2019,Apr,13,Spring,Friday,10303
2019,Apr,13,Spring,Monday,12078
2019,Apr,13,Spring,Saturday,20614
2019,Apr,13,Spring,Sunday,19523
2019,Apr,13,Spring,Thursday,12080
2019,Apr,13,Spring,Tuesday,15013
2019,Apr,13,Spring,Wednesday,13496
2019,Apr,14,Spring,Friday,11422
2019,Apr,14,Spring,Monday,12441
2019,Apr,14,Spring,Saturday,21591
2019,Apr,14,Spring,Sunday,19822
2019,Apr,14,Spring,Thursday,12770
2019,Apr,14,Spring,Tuesday,15681
2019,Apr,14,Spring,Wednesday,14075
2019,Apr,15,Spring,Friday,12727
2019,Apr,15,Spring,Monday,13585
2019,Apr,15,Spring,Saturday,20769
2019,Apr,15,Spring,Sunday,20243
2019,Apr,15,Spring,Thursday,13993
2019,Apr,15,Spring,Tuesday,17343
2019,Apr,15,Spring,Wednesday,15273
2019,Apr,16,Spring,Friday,15054
2019,Apr,16,Spring,Monday,16991
2019,Apr,16,Spring,Saturday,21117
2019,Apr,16,Spring,Sunday,19223
2019,Apr,16,Spring,Thursday,15912
2019,Apr,16,Spring,Tuesday,20798
2019,Apr,16,Spring,Wednesday,18911
2019,Apr,17,Spring,Friday,19023
2019,Apr,17,Spring,Monday,29552
2019,Apr,17,Spring,Saturday,20992
2019,Apr,17,Spring,Sunday,16448
2019,Apr,17,Spring,Thursday,24963
2019,Apr,17,Spring,Tuesday,35422
2019,Apr,17,Spring,Wednesday,31269
2019,Apr,18,Spring,Friday,16157
2019,Apr,18,Spring,Monday,29632
2019,Apr,18,Spring,Saturday,18415
2019,Apr,18,Spring,Sunday,15341
2019,Apr,18,Spring,Thursday,24944
2019,Apr,18,Spring,Tuesday,34019
2019,Apr,18,Spring,Wednesday,30535
2019,Apr,19,Spring,Friday,8887
2019,Apr,19,Spring,Monday,19534
2019,Apr,19,Spring,Saturday,14399
2019,Apr,19,Spring,Sunday,11815
2019,Apr,19,Spring,Thursday,15915
2019,Apr,19,Spring,Tuesday,21448
2019,Apr,19,Spring,Wednesday,19498
2019,Apr,20,Spring,Friday,4553
2019,Apr,20,Spring,Monday,12707
2019,Apr,20,Spring,Saturday,9081
2019,Apr,20,Spring,Sunday,8369
2019,Apr,20,Spring,Thursday,10680
2019,Apr,20,Spring,Tuesday,13814
2019,Apr,20,Spring,Wednesday,12086
2019,Apr,21,Spring,Friday,3043
2019,Apr,21,Spring,Monday,8440
2019,Apr,21,Spring,Saturday,6768
2019,Apr,21,Spring,Sunday,5143
2019,Apr,21,Spring,Thursday,7541
2019,Apr,21,Spring,Tuesday,9582
2019,Apr,21,Spring,Wednesday,8338
2019,Apr,22,Spring,Friday,2806
2019,Apr,22,Spring,Monday,5521
2019,Apr,22,Spring,Saturday,5773
2019,Apr,22,Spring,Sunday,4252
2019,Apr,22,Spring,Thursday,5957
2019,Apr,22,Spring,Tuesday,6585
2019,Apr,22,Spring,Wednesday,6222
2019,Apr,23,Spring,Friday,2443
2019,Apr,23,Spring,Monday,3095
2019,Apr,23,Spring,Saturday,4766
2019,Apr,23,Spring,Sunday,2660
2019,Apr,23,Spring,Thursday,3755
2019,Apr,23,Spring,Tuesday,3603
2019,Apr,23,Spring,Wednesday,3424
2019,May,00,Spring,Friday,2371
2019,May,00,Spring,Monday,1267
2019,May,00,Spring,Saturday,3159
2019,May,00,Spring,Sunday,3340
2019,May,00,Spring,Thursday,2299
2019,May,00,Spring,Tuesday,1521
2019,May,00,Spring,Wednesday,1718
2019,May,01,Spring,Friday,1334
2019,May,01,Spring,Monday,758
2019,May,01,Spring,Saturday,1920
2019,May,01,Spring,Sunday,1733
2019,May,01,Spring,Thursday,1032
2019,May,01,Spring,Tuesday,713
2019,May,01,Spring,Wednesday,826
2019,May,02,Spring,Friday,817
2019,May,02,Spring,Monday,479
2019,May,02,Spring,Saturday,1280
2019,May,02,Spring,Sunday,922
2019,May,02,Spring,Thursday,614
2019,May,02,Spring,Tuesday,422
2019,May,02,Spring,Wednesday,481
2019,May,03,Spring,Friday,476
2019,May,03,Spring,Monday,315
2019,May,03,Spring,Saturday,772
2019,May,03,Spring,Sunday,674
2019,May,03,Spring,Thursday,420
2019,May,03,Spring,Tuesday,225
2019,May,03,Spring,Wednesday,335
2019,May,04,Spring,Friday,633
2019,May,04,Spring,Monday,429
2019,May,04,Spring,Saturday,642
2019,May,04,Spring,Sunday,368
2019,May,04,Spring,Thursday,552
2019,May,04,Spring,Tuesday,451
2019,May,04,Spring,Wednesday,606
2019,May,05,Spring,Friday,2558
2019,May,05,Spring,Monday,1564
2019,May,05,Spring,Saturday,769
2019,May,05,Spring,Sunday,325
2019,May,05,Spring,Thursday,2506
2019,May,05,Spring,Tuesday,2304
2019,May,05,Spring,Wednesday,2972
2019,May,06,Spring,Friday,8532
2019,May,06,Spring,Monday,5160
2019,May,06,Spring,Saturday,1711
2019,May,06,Spring,Sunday,822
2019,May,06,Spring,Thursday,8313
2019,May,06,Spring,Tuesday,7663
2019,May,06,Spring,Wednesday,9989
2019,May,07,Spring,Friday,18519
2019,May,07,Spring,Monday,11009
2019,May,07,Spring,Saturday,3442
2019,May,07,Spring,Sunday,1700
2019,May,07,Spring,Thursday,16706
2019,May,07,Spring,Tuesday,16044
2019,May,07,Spring,Wednesday,21258
2019,May,08,Spring,Friday,32093
2019,May,08,Spring,Monday,17163
2019,May,08,Spring,Saturday,6596
2019,May,08,Spring,Sunday,3484
2019,May,08,Spring,Thursday,30606
2019,May,08,Spring,Tuesday,26880
2019,May,08,Spring,Wednesday,35711
2019,May,09,Spring,Friday,24175
2019,May,09,Spring,Monday,13078
2019,May,09,Spring,Saturday,10605
2019,May,09,Spring,Sunday,5650
2019,May,09,Spring,Thursday,23955
2019,May,09,Spring,Tuesday,18488
2019,May,09,Spring,Wednesday,24936
2019,May,10,Spring,Friday,15175
2019,May,10,Spring,Monday,9719
2019,May,10,Spring,Saturday,14615
2019,May,10,Spring,Sunday,8437
2019,May,10,Spring,Thursday,13884
2019,May,10,Spring,Tuesday,9766
2019,May,10,Spring,Wednesday,14044
2019,May,11,Spring,Friday,15346
2019,May,11,Spring,Monday,10479
2019,May,11,Spring,Saturday,17413
2019,May,11,Spring,Sunday,10015
2019,May,11,Spring,Thursday,13768
2019,May,11,Spring,Tuesday,8330
2019,May,11,Spring,Wednesday,13687
2019,May,12,Spring,Friday,17749
2019,May,12,Spring,Monday,12687
2019,May,12,Spring,Saturday,19236
2019,May,12,Spring,Sunday,11396
2019,May,12,Spring,Thursday,16310
2019,May,12,Spring,Tuesday,10551
2019,May,12,Spring,Wednesday,16066
2019,May,13,Spring,Friday,15931
2019,May,13,Spring,Monday,12835
2019,May,13,Spring,Saturday,22188
2019,May,13,Spring,Sunday,12062
2019,May,13,Spring,Thursday,16943
2019,May,13,Spring,Tuesday,11595
2019,May,13,Spring,Wednesday,16789
2019,May,14,Spring,Friday,19308
2019,May,14,Spring,Monday,13312
2019,May,14,Spring,Saturday,23353
2019,May,14,Spring,Sunday,12406
2019,May,14,Spring,Thursday,18040
2019,May,14,Spring,Tuesday,11282
2019,May,14,Spring,Wednesday,17751
2019,May,15,Spring,Friday,22506
2019,May,15,Spring,Monday,14410
2019,May,15,Spring,Saturday,24085
2019,May,15,Spring,Sunday,13256
2019,May,15,Spring,Thursday,18818
2019,May,15,Spring,Tuesday,12946
2019,May,15,Spring,Wednesday,18975
2019,May,16,Spring,Friday,28378
2019,May,16,Spring,Monday,16481
2019,May,16,Spring,Saturday,23390
2019,May,16,Spring,Sunday,13296
2019,May,16,Spring,Thursday,21265
2019,May,16,Spring,Tuesday,16685
2019,May,16,Spring,Wednesday,23601
2019,May,17,Spring,Friday,37274
2019,May,17,Spring,Monday,22309
2019,May,17,Spring,Saturday,22168
2019,May,17,Spring,Sunday,12072
2019,May,17,Spring,Thursday,33436
2019,May,17,Spring,Tuesday,29337
2019,May,17,Spring,Wednesday,36291
2019,May,18,Spring,Friday,32629
2019,May,18,Spring,Monday,23304
2019,May,18,Spring,Saturday,19232
2019,May,18,Spring,Sunday,8817
2019,May,18,Spring,Thursday,29037
2019,May,18,Spring,Tuesday,28443
2019,May,18,Spring,Wednesday,32539
2019,May,19,Spring,Friday,23560
2019,May,19,Spring,Monday,17521
2019,May,19,Spring,Saturday,15283
2019,May,19,Spring,Sunday,8591
2019,May,19,Spring,Thursday,20147
2019,May,19,Spring,Tuesday,18052
2019,May,19,Spring,Wednesday,21761
2019,May,20,Spring,Friday,15826
2019,May,20,Spring,Monday,12465
2019,May,20,Spring,Saturday,9929
2019,May,20,Spring,Sunday,7080
2019,May,20,Spring,Thursday,12752
2019,May,20,Spring,Tuesday,9886
2019,May,20,Spring,Wednesday,14960
2019,May,21,Spring,Friday,10326
2019,May,21,Spring,Monday,7909
2019,May,21,Spring,Saturday,6611
2019,May,21,Spring,Sunday,4163
2019,May,21,Spring,Thursday,8898
2019,May,21,Spring,Tuesday,5485
2019,May,21,Spring,Wednesday,10614
2019,May,22,Spring,Friday,8346
2019,May,22,Spring,Monday,5526
2019,May,22,Spring,Saturday,5415
2019,May,22,Spring,Sunday,3697
2019,May,22,Spring,Thursday,7048
2019,May,22,Spring,Tuesday,4330
2019,May,22,Spring,Wednesday,7940
2019,May,23,Spring,Friday,6898
2019,May,23,Spring,Monday,3115
2019,May,23,Spring,Saturday,4632
2019,May,23,Spring,Sunday,2462
2019,May,23,Spring,Thursday,4967
2019,May,23,Spring,Tuesday,2891
2019,May,23,Spring,Wednesday,4839
2019,Jun,00,Summer,Friday,3143
2019,Jun,00,Summer,Monday,1853
2019,Jun,00,Summer,Saturday,5990
2019,Jun,00,Summer,Sunday,5870
2019,Jun,00,Summer,Thursday,2419
2019,Jun,00,Summer,Tuesday,1901
2019,Jun,00,Summer,Wednesday,2151
2019,Jun,01,Summer,Friday,1520
2019,Jun,01,Summer,Monday,902
2019,Jun,01,Summer,Saturday,3923
2019,Jun,01,Summer,Sunday,3739
2019,Jun,01,Summer,Thursday,1054
2019,Jun,01,Summer,Tuesday,925
2019,Jun,01,Summer,Wednesday,1044
2019,Jun,02,Summer,Friday,850
2019,Jun,02,Summer,Monday,533
2019,Jun,02,Summer,Saturday,2551
2019,Jun,02,Summer,Sunday,2519
2019,Jun,02,Summer,Thursday,578
2019,Jun,02,Summer,Tuesday,501
2019,Jun,02,Summer,Wednesday,578
2019,Jun,03,Summer,Friday,564
2019,Jun,03,Summer,Monday,342
2019,Jun,03,Summer,Saturday,1447
2019,Jun,03,Summer,Sunday,1575
2019,Jun,03,Summer,Thursday,323
2019,Jun,03,Summer,Tuesday,356
2019,Jun,03,Summer,Wednesday,358
2019,Jun,04,Summer,Friday,612
2019,Jun,04,Summer,Monday,526
2019,Jun,04,Summer,Saturday,1023
2019,Jun,04,Summer,Sunday,1028
2019,Jun,04,Summer,Thursday,529
2019,Jun,04,Summer,Tuesday,513
2019,Jun,04,Summer,Wednesday,612
2019,Jun,05,Summer,Friday,1896
2019,Jun,05,Summer,Monday,2433
2019,Jun,05,Summer,Saturday,1036
2019,Jun,05,Summer,Sunday,847
2019,Jun,05,Summer,Thursday,2169
2019,Jun,05,Summer,Tuesday,2138
2019,Jun,05,Summer,Wednesday,2616
2019,Jun,06,Summer,Friday,6651
2019,Jun,06,Summer,Monday,7994
2019,Jun,06,Summer,Saturday,2614
2019,Jun,06,Summer,Sunday,1763
2019,Jun,06,Summer,Thursday,6880
2019,Jun,06,Summer,Tuesday,5389
2019,Jun,06,Summer,Wednesday,8730
2019,Jun,07,Summer,Friday,13813
2019,Jun,07,Summer,Monday,16657
2019,Jun,07,Summer,Saturday,5756
2019,Jun,07,Summer,Sunday,3959
2019,Jun,07,Summer,Thursday,14465
2019,Jun,07,Summer,Tuesday,9753
2019,Jun,07,Summer,Wednesday,17586
2019,Jun,08,Summer,Friday,21215
2019,Jun,08,Summer,Monday,25075
2019,Jun,08,Summer,Saturday,10339
2019,Jun,08,Summer,Sunday,7731
2019,Jun,08,Summer,Thursday,22399
2019,Jun,08,Summer,Tuesday,22527
2019,Jun,08,Summer,Wednesday,29854
2019,Jun,09,Summer,Friday,19074
2019,Jun,09,Summer,Monday,18012
2019,Jun,09,Summer,Saturday,15787
2019,Jun,09,Summer,Sunday,13238
2019,Jun,09,Summer,Thursday,16202
2019,Jun,09,Summer,Tuesday,18898
2019,Jun,09,Summer,Wednesday,20291
2019,Jun,10,Summer,Friday,11863
2019,Jun,10,Summer,Monday,10406
2019,Jun,10,Summer,Saturday,21419
2019,Jun,10,Summer,Sunday,19192
2019,Jun,10,Summer,Thursday,9485
2019,Jun,10,Summer,Tuesday,10646
2019,Jun,10,Summer,Wednesday,12046
2019,Jun,11,Summer,Friday,12228
2019,Jun,11,Summer,Monday,8803
2019,Jun,11,Summer,Saturday,26014
2019,Jun,11,Summer,Sunday,23616
2019,Jun,11,Summer,Thursday,9246
2019,Jun,11,Summer,Tuesday,10720
2019,Jun,11,Summer,Wednesday,11917
2019,Jun,12,Summer,Friday,14485
2019,Jun,12,Summer,Monday,10266
2019,Jun,12,Summer,Saturday,29027
2019,Jun,12,Summer,Sunday,27082
2019,Jun,12,Summer,Thursday,11053
2019,Jun,12,Summer,Tuesday,10770
2019,Jun,12,Summer,Wednesday,13688
2019,Jun,13,Summer,Friday,16413
2019,Jun,13,Summer,Monday,10274
2019,Jun,13,Summer,Saturday,30174
2019,Jun,13,Summer,Sunday,27607
2019,Jun,13,Summer,Thursday,12880
2019,Jun,13,Summer,Tuesday,10813
2019,Jun,13,Summer,Wednesday,14281
2019,Jun,14,Summer,Friday,17810
2019,Jun,14,Summer,Monday,10844
2019,Jun,14,Summer,Saturday,30249
2019,Jun,14,Summer,Sunday,27774
2019,Jun,14,Summer,Thursday,14133
2019,Jun,14,Summer,Tuesday,11292
2019,Jun,14,Summer,Wednesday,14609
2019,Jun,15,Summer,Friday,19912
2019,Jun,15,Summer,Monday,11605
2019,Jun,15,Summer,Saturday,29471
2019,Jun,15,Summer,Sunday,28034
2019,Jun,15,Summer,Thursday,13436
2019,Jun,15,Summer,Tuesday,13049
2019,Jun,15,Summer,Wednesday,15509
2019,Jun,16,Summer,Friday,24737
2019,Jun,16,Summer,Monday,16034
2019,Jun,16,Summer,Saturday,29018
2019,Jun,16,Summer,Sunday,28881
2019,Jun,16,Summer,Thursday,16459
2019,Jun,16,Summer,Tuesday,18351
2019,Jun,16,Summer,Wednesday,17655
2019,Jun,17,Summer,Friday,31565
2019,Jun,17,Summer,Monday,29372
2019,Jun,17,Summer,Saturday,26744
2019,Jun,17,Summer,Sunday,26227
2019,Jun,17,Summer,Thursday,27934
2019,Jun,17,Summer,Tuesday,29157
2019,Jun,17,Summer,Wednesday,32444
2019,Jun,18,Summer,Friday,27844
2019,Jun,18,Summer,Monday,29933
2019,Jun,18,Summer,Saturday,25119
2019,Jun,18,Summer,Sunday,24289
2019,Jun,18,Summer,Thursday,29945
2019,Jun,18,Summer,Tuesday,28454
2019,Jun,18,Summer,Wednesday,32814
2019,Jun,19,Summer,Friday,20764
2019,Jun,19,Summer,Monday,21082
2019,Jun,19,Summer,Saturday,22516
2019,Jun,19,Summer,Sunday,21166
2019,Jun,19,Summer,Thursday,22402
2019,Jun,19,Summer,Tuesday,19857
2019,Jun,19,Summer,Wednesday,22153
2019,Jun,20,Summer,Friday,15131
2019,Jun,20,Summer,Monday,14610
2019,Jun,20,Summer,Saturday,17332
2019,Jun,20,Summer,Sunday,16515
2019,Jun,20,Summer,Thursday,15954
2019,Jun,20,Summer,Tuesday,15160
2019,Jun,20,Summer,Wednesday,15850
2019,Jun,21,Summer,Friday,10737
2019,Jun,21,Summer,Monday,9542
2019,Jun,21,Summer,Saturday,11997
2019,Jun,21,Summer,Sunday,11188
2019,Jun,21,Summer,Thursday,9780
2019,Jun,21,Summer,Tuesday,10498
2019,Jun,21,Summer,Wednesday,11018
2019,Jun,22,Summer,Friday,8583
2019,Jun,22,Summer,Monday,6500
2019,Jun,22,Summer,Saturday,10258
2019,Jun,22,Summer,Sunday,7163
2019,Jun,22,Summer,Thursday,7156
2019,Jun,22,Summer,Tuesday,7558
2019,Jun,22,Summer,Wednesday,8198
2019,Jun,23,Summer,Friday,6521
2019,Jun,23,Summer,Monday,3678
2019,Jun,23,Summer,Saturday,7936
2019,Jun,23,Summer,Sunday,4906
2019,Jun,23,Summer,Thursday,5173
2019,Jun,23,Summer,Tuesday,4412
2019,Jun,23,Summer,Wednesday,4820
2019,Jul,00,Summer,Friday,3155
2019,Jul,00,Summer,Monday,2711
2019,Jul,00,Summer,Saturday,4572
2019,Jul,00,Summer,Sunday,4639
2019,Jul,00,Summer,Thursday,2685
2019,Jul,00,Summer,Tuesday,2467
2019,Jul,00,Summer,Wednesday,3220
2019,Jul,01,Summer,Friday,1730
2019,Jul,01,Summer,Monday,1503
2019,Jul,01,Summer,Saturday,3083
2019,Jul,01,Summer,Sunday,3055
2019,Jul,01,Summer,Thursday,1471
2019,Jul,01,Summer,Tuesday,1354
2019,Jul,01,Summer,Wednesday,1610
2019,Jul,02,Summer,Friday,1000
2019,Jul,02,Summer,Monday,822
2019,Jul,02,Summer,Saturday,2063
2019,Jul,02,Summer,Sunday,1981
2019,Jul,02,Summer,Thursday,842
2019,Jul,02,Summer,Tuesday,787
2019,Jul,02,Summer,Wednesday,807
2019,Jul,03,Summer,Friday,636
2019,Jul,03,Summer,Monday,500
2019,Jul,03,Summer,Saturday,1176
2019,Jul,03,Summer,Sunday,1358
2019,Jul,03,Summer,Thursday,527
2019,Jul,03,Summer,Tuesday,501
2019,Jul,03,Summer,Wednesday,551
2019,Jul,04,Summer,Friday,653
2019,Jul,04,Summer,Monday,759
2019,Jul,04,Summer,Saturday,830
2019,Jul,04,Summer,Sunday,777
2019,Jul,04,Summer,Thursday,599
2019,Jul,04,Summer,Tuesday,735
2019,Jul,04,Summer,Wednesday,831
2019,Jul,05,Summer,Friday,1987
2019,Jul,05,Summer,Monday,2819
2019,Jul,05,Summer,Saturday,846
2019,Jul,05,Summer,Sunday,666
2019,Jul,05,Summer,Thursday,1979
2019,Jul,05,Summer,Tuesday,3145
2019,Jul,05,Summer,Wednesday,3388
2019,Jul,06,Summer,Friday,6518
2019,Jul,06,Summer,Monday,9486
2019,Jul,06,Summer,Saturday,2051
2019,Jul,06,Summer,Sunday,1391
2019,Jul,06,Summer,Thursday,6830
2019,Jul,06,Summer,Tuesday,9884
2019,Jul,06,Summer,Wednesday,11124
2019,Jul,07,Summer,Friday,13329
2019,Jul,07,Summer,Monday,19336
2019,Jul,07,Summer,Saturday,4458
2019,Jul,07,Summer,Sunday,2951
2019,Jul,07,Summer,Thursday,13581
2019,Jul,07,Summer,Tuesday,19346
2019,Jul,07,Summer,Wednesday,21899
2019,Jul,08,Summer,Friday,22586
2019,Jul,08,Summer,Monday,30824
2019,Jul,08,Summer,Saturday,7562
2019,Jul,08,Summer,Sunday,5794
2019,Jul,08,Summer,Thursday,19653
2019,Jul,08,Summer,Tuesday,36000
2019,Jul,08,Summer,Wednesday,37030
2019,Jul,09,Summer,Friday,18411
2019,Jul,09,Summer,Monday,22874
2019,Jul,09,Summer,Saturday,11420
2019,Jul,09,Summer,Sunday,9360
2019,Jul,09,Summer,Thursday,15845
2019,Jul,09,Summer,Tuesday,26923
2019,Jul,09,Summer,Wednesday,27190
2019,Jul,10,Summer,Friday,12184
2019,Jul,10,Summer,Monday,13079
2019,Jul,10,Summer,Saturday,14937
2019,Jul,10,Summer,Sunday,13294
2019,Jul,10,Summer,Thursday,10462
2019,Jul,10,Summer,Tuesday,14830
2019,Jul,10,Summer,Wednesday,15453
2019,Jul,11,Summer,Friday,12398
2019,Jul,11,Summer,Monday,12451
2019,Jul,11,Summer,Saturday,17188
2019,Jul,11,Summer,Sunday,15483
2019,Jul,11,Summer,Thursday,11350
2019,Jul,11,Summer,Tuesday,13964
2019,Jul,11,Summer,Wednesday,14880
2019,Jul,12,Summer,Friday,14995
2019,Jul,12,Summer,Monday,15085
2019,Jul,12,Summer,Saturday,18465
2019,Jul,12,Summer,Sunday,16833
2019,Jul,12,Summer,Thursday,13185
2019,Jul,12,Summer,Tuesday,16830
2019,Jul,12,Summer,Wednesday,17612
2019,Jul,13,Summer,Friday,16186
2019,Jul,13,Summer,Monday,16126
2019,Jul,13,Summer,Saturday,18299
2019,Jul,13,Summer,Sunday,18438
2019,Jul,13,Summer,Thursday,14168
2019,Jul,13,Summer,Tuesday,16738
2019,Jul,13,Summer,Wednesday,18289
2019,Jul,14,Summer,Friday,16780
2019,Jul,14,Summer,Monday,16471
2019,Jul,14,Summer,Saturday,18169
2019,Jul,14,Summer,Sunday,19048
2019,Jul,14,Summer,Thursday,13796
2019,Jul,14,Summer,Tuesday,17113
2019,Jul,14,Summer,Wednesday,17524
2019,Jul,15,Summer,Friday,18949
2019,Jul,15,Summer,Monday,17789
2019,Jul,15,Summer,Saturday,17858
2019,Jul,15,Summer,Sunday,19361
2019,Jul,15,Summer,Thursday,12682
2019,Jul,15,Summer,Tuesday,17521
2019,Jul,15,Summer,Wednesday,18564
2019,Jul,16,Summer,Friday,22590
2019,Jul,16,Summer,Monday,23676
2019,Jul,16,Summer,Saturday,17873
2019,Jul,16,Summer,Sunday,19614
2019,Jul,16,Summer,Thursday,16059
2019,Jul,16,Summer,Tuesday,23537
2019,Jul,16,Summer,Wednesday,21998
2019,Jul,17,Summer,Friday,28096
2019,Jul,17,Summer,Monday,40924
2019,Jul,17,Summer,Saturday,17964
2019,Jul,17,Summer,Sunday,19688
2019,Jul,17,Summer,Thursday,24107
2019,Jul,17,Summer,Tuesday,42177
2019,Jul,17,Summer,Wednesday,35627
2019,Jul,18,Summer,Friday,25799
2019,Jul,18,Summer,Monday,37280
2019,Jul,18,Summer,Saturday,17499
2019,Jul,18,Summer,Sunday,19585
2019,Jul,18,Summer,Thursday,24580
2019,Jul,18,Summer,Tuesday,43879
2019,Jul,18,Summer,Wednesday,37965
2019,Jul,19,Summer,Friday,20224
2019,Jul,19,Summer,Monday,26467
2019,Jul,19,Summer,Saturday,15481
2019,Jul,19,Summer,Sunday,17617
2019,Jul,19,Summer,Thursday,15724
2019,Jul,19,Summer,Tuesday,31424
2019,Jul,19,Summer,Wednesday,28991
2019,Jul,20,Summer,Friday,14330
2019,Jul,20,Summer,Monday,19804
2019,Jul,20,Summer,Saturday,13371
2019,Jul,20,Summer,Sunday,13747
2019,Jul,20,Summer,Thursday,11682
2019,Jul,20,Summer,Tuesday,22207
2019,Jul,20,Summer,Wednesday,18298
2019,Jul,21,Summer,Friday,10218
2019,Jul,21,Summer,Monday,13244
2019,Jul,21,Summer,Saturday,10260
2019,Jul,21,Summer,Sunday,9959
2019,Jul,21,Summer,Thursday,8463
2019,Jul,21,Summer,Tuesday,15060
2019,Jul,21,Summer,Wednesday,12732
2019,Jul,22,Summer,Friday,8376
2019,Jul,22,Summer,Monday,9331
2019,Jul,22,Summer,Saturday,8492
2019,Jul,22,Summer,Sunday,6877
2019,Jul,22,Summer,Thursday,8734
2019,Jul,22,Summer,Tuesday,10654
2019,Jul,22,Summer,Wednesday,9203
2019,Jul,23,Summer,Friday,6603
2019,Jul,23,Summer,Monday,5102
2019,Jul,23,Summer,Saturday,6672
2019,Jul,23,Summer,Sunday,3750
2019,Jul,23,Summer,Thursday,5719
2019,Jul,23,Summer,Tuesday,6379
2019,Jul,23,Summer,Wednesday,6049
2019,Aug,00,Summer,Friday,3807
2019,Aug,00,Summer,Monday,2196
2019,Aug,00,Summer,Saturday,5810
2019,Aug,00,Summer,Sunday,4135
2019,Aug,00,Summer,Thursday,3256
2019,Aug,00,Summer,Tuesday,2383
2019,Aug,00,Summer,Wednesday,2617
2019,Aug,01,Summer,Friday,2120
2019,Aug,01,Summer,Monday,1096
2019,Aug,01,Summer,Saturday,3825
2019,Aug,01,Summer,Sunday,3072
2019,Aug,01,Summer,Thursday,1638
2019,Aug,01,Summer,Tuesday,1188
2019,Aug,01,Summer,Wednesday,1252
2019,Aug,02,Summer,Friday,1305
2019,Aug,02,Summer,Monday,638
2019,Aug,02,Summer,Saturday,2555
2019,Aug,02,Summer,Sunday,2118
2019,Aug,02,Summer,Thursday,1012
2019,Aug,02,Summer,Tuesday,693
2019,Aug,02,Summer,Wednesday,742
2019,Aug,03,Summer,Friday,772
2019,Aug,03,Summer,Monday,432
2019,Aug,03,Summer,Saturday,1642
2019,Aug,03,Summer,Sunday,1299
2019,Aug,03,Summer,Thursday,613
2019,Aug,03,Summer,Tuesday,360
2019,Aug,03,Summer,Wednesday,449
2019,Aug,04,Summer,Friday,853
2019,Aug,04,Summer,Monday,533
2019,Aug,04,Summer,Saturday,1046
2019,Aug,04,Summer,Sunday,874
2019,Aug,04,Summer,Thursday,836
2019,Aug,04,Summer,Tuesday,557
2019,Aug,04,Summer,Wednesday,674
2019,Aug,05,Summer,Friday,2729
2019,Aug,05,Summer,Monday,2374
2019,Aug,05,Summer,Saturday,939
2019,Aug,05,Summer,Sunday,684
2019,Aug,05,Summer,Thursday,3297
2019,Aug,05,Summer,Tuesday,2683
2019,Aug,05,Summer,Wednesday,2712
2019,Aug,06,Summer,Friday,9208
2019,Aug,06,Summer,Monday,8065
2019,Aug,06,Summer,Saturday,2566
2019,Aug,06,Summer,Sunday,1519
2019,Aug,06,Summer,Thursday,10906
2019,Aug,06,Summer,Tuesday,9317
2019,Aug,06,Summer,Wednesday,8765
2019,Aug,07,Summer,Friday,17695
2019,Aug,07,Summer,Monday,16141
2019,Aug,07,Summer,Saturday,5934
2019,Aug,07,Summer,Sunday,3211
2019,Aug,07,Summer,Thursday,21343
2019,Aug,07,Summer,Tuesday,17401
2019,Aug,07,Summer,Wednesday,17234
2019,Aug,08,Summer,Friday,28855
2019,Aug,08,Summer,Monday,27684
2019,Aug,08,Summer,Saturday,11127
2019,Aug,08,Summer,Sunday,6161
2019,Aug,08,Summer,Thursday,36515
2019,Aug,08,Summer,Tuesday,30417
2019,Aug,08,Summer,Wednesday,29971
2019,Aug,09,Summer,Friday,22873
2019,Aug,09,Summer,Monday,19684
2019,Aug,09,Summer,Saturday,17927
2019,Aug,09,Summer,Sunday,10610
2019,Aug,09,Summer,Thursday,26869
2019,Aug,09,Summer,Tuesday,22319
2019,Aug,09,Summer,Wednesday,22398
2019,Aug,10,Summer,Friday,14857
2019,Aug,10,Summer,Monday,11283
2019,Aug,10,Summer,Saturday,24512
2019,Aug,10,Summer,Sunday,14823
2019,Aug,10,Summer,Thursday,15610
2019,Aug,10,Summer,Tuesday,12260
2019,Aug,10,Summer,Wednesday,12336
2019,Aug,11,Summer,Friday,16143
2019,Aug,11,Summer,Monday,11320
2019,Aug,11,Summer,Saturday,29383
2019,Aug,11,Summer,Sunday,18467
2019,Aug,11,Summer,Thursday,15812
2019,Aug,11,Summer,Tuesday,11696
2019,Aug,11,Summer,Wednesday,12084
2019,Aug,12,Summer,Friday,20223
2019,Aug,12,Summer,Monday,13226
2019,Aug,12,Summer,Saturday,31525
2019,Aug,12,Summer,Sunday,21067
2019,Aug,12,Summer,Thursday,17981
2019,Aug,12,Summer,Tuesday,11355
2019,Aug,12,Summer,Wednesday,13196
2019,Aug,13,Summer,Friday,21631
2019,Aug,13,Summer,Monday,13969
2019,Aug,13,Summer,Saturday,28958
2019,Aug,13,Summer,Sunday,22468
2019,Aug,13,Summer,Thursday,18482
2019,Aug,13,Summer,Tuesday,11598
2019,Aug,13,Summer,Wednesday,12033
2019,Aug,14,Summer,Friday,23207
2019,Aug,14,Summer,Monday,13867
2019,Aug,14,Summer,Saturday,28931
2019,Aug,14,Summer,Sunday,22470
2019,Aug,14,Summer,Thursday,18351
2019,Aug,14,Summer,Tuesday,13273
2019,Aug,14,Summer,Wednesday,12017
2019,Aug,15,Summer,Friday,26282
2019,Aug,15,Summer,Monday,15377
2019,Aug,15,Summer,Saturday,29040
2019,Aug,15,Summer,Sunday,23102
2019,Aug,15,Summer,Thursday,20177
2019,Aug,15,Summer,Tuesday,15342
2019,Aug,15,Summer,Wednesday,10963
2019,Aug,16,Summer,Friday,29537
2019,Aug,16,Summer,Monday,20425
2019,Aug,16,Summer,Saturday,28584
2019,Aug,16,Summer,Sunday,23215
2019,Aug,16,Summer,Thursday,26370
2019,Aug,16,Summer,Tuesday,19885
2019,Aug,16,Summer,Wednesday,14138
2019,Aug,17,Summer,Friday,37478
2019,Aug,17,Summer,Monday,36195
2019,Aug,17,Summer,Saturday,27407
2019,Aug,17,Summer,Sunday,21995
2019,Aug,17,Summer,Thursday,43987
2019,Aug,17,Summer,Tuesday,36250
2019,Aug,17,Summer,Wednesday,21254
2019,Aug,18,Summer,Friday,32342
2019,Aug,18,Summer,Monday,36380
2019,Aug,18,Summer,Saturday,25914
2019,Aug,18,Summer,Sunday,18669
2019,Aug,18,Summer,Thursday,44911
2019,Aug,18,Summer,Tuesday,36621
2019,Aug,18,Summer,Wednesday,20946
2019,Aug,19,Summer,Friday,24863
2019,Aug,19,Summer,Monday,25843
2019,Aug,19,Summer,Saturday,22667
2019,Aug,19,Summer,Sunday,16561
2019,Aug,19,Summer,Thursday,32076
2019,Aug,19,Summer,Tuesday,25233
2019,Aug,19,Summer,Wednesday,17375
2019,Aug,20,Summer,Friday,17251
2019,Aug,20,Summer,Monday,17273
2019,Aug,20,Summer,Saturday,16206
2019,Aug,20,Summer,Sunday,12344
2019,Aug,20,Summer,Thursday,18565
2019,Aug,20,Summer,Tuesday,16823
2019,Aug,20,Summer,Wednesday,11989
2019,Aug,21,Summer,Friday,12349
2019,Aug,21,Summer,Monday,10982
2019,Aug,21,Summer,Saturday,12032
2019,Aug,21,Summer,Sunday,8947
2019,Aug,21,Summer,Thursday,13651
2019,Aug,21,Summer,Tuesday,11605
2019,Aug,21,Summer,Wednesday,8959
2019,Aug,22,Summer,Friday,10294
2019,Aug,22,Summer,Monday,7441
2019,Aug,22,Summer,Saturday,10344
2019,Aug,22,Summer,Sunday,6532
2019,Aug,22,Summer,Thursday,9942
2019,Aug,22,Summer,Tuesday,8454
2019,Aug,22,Summer,Wednesday,7149
2019,Aug,23,Summer,Friday,7987
2019,Aug,23,Summer,Monday,4330
2019,Aug,23,Summer,Saturday,7782
2019,Aug,23,Summer,Sunday,4137
2019,Aug,23,Summer,Thursday,7005
2019,Aug,23,Summer,Tuesday,4851
2019,Aug,23,Summer,Wednesday,4651
2019,Sep,00,Autumn,Friday,2954
2019,Sep,00,Autumn,Monday,2867
2019,Sep,00,Autumn,Saturday,4557
2019,Sep,00,Autumn,Sunday,6515
2019,Sep,00,Autumn,Thursday,2473
2019,Sep,00,Autumn,Tuesday,1752
2019,Sep,00,Autumn,Wednesday,2252
2019,Sep,01,Autumn,Friday,1414
2019,Sep,01,Autumn,Monday,1612
2019,Sep,01,Autumn,Saturday,2811
2019,Sep,01,Autumn,Sunday,4356
2019,Sep,01,Autumn,Thursday,1278
2019,Sep,01,Autumn,Tuesday,898
2019,Sep,01,Autumn,Wednesday,1168
2019,Sep,02,Autumn,Friday,863
2019,Sep,02,Autumn,Monday,964
2019,Sep,02,Autumn,Saturday,1854
2019,Sep,02,Autumn,Sunday,2934
2019,Sep,02,Autumn,Thursday,665
2019,Sep,02,Autumn,Tuesday,524
2019,Sep,02,Autumn,Wednesday,612
2019,Sep,03,Autumn,Friday,523
2019,Sep,03,Autumn,Monday,626
2019,Sep,03,Autumn,Saturday,1332
2019,Sep,03,Autumn,Sunday,1871
2019,Sep,03,Autumn,Thursday,426
2019,Sep,03,Autumn,Tuesday,359
2019,Sep,03,Autumn,Wednesday,406
2019,Sep,04,Autumn,Friday,680
2019,Sep,04,Autumn,Monday,786
2019,Sep,04,Autumn,Saturday,897
2019,Sep,04,Autumn,Sunday,1169
2019,Sep,04,Autumn,Thursday,697
2019,Sep,04,Autumn,Tuesday,649
2019,Sep,04,Autumn,Wednesday,661
2019,Sep,05,Autumn,Friday,2549
2019,Sep,05,Autumn,Monday,2933
2019,Sep,05,Autumn,Saturday,767
2019,Sep,05,Autumn,Sunday,881
2019,Sep,05,Autumn,Thursday,2778
2019,Sep,05,Autumn,Tuesday,3117
2019,Sep,05,Autumn,Wednesday,3071
2019,Sep,06,Autumn,Friday,8425
2019,Sep,06,Autumn,Monday,9013
2019,Sep,06,Autumn,Saturday,1916
2019,Sep,06,Autumn,Sunday,2013
2019,Sep,06,Autumn,Thursday,9179
2019,Sep,06,Autumn,Tuesday,9982
2019,Sep,06,Autumn,Wednesday,10119
2019,Sep,07,Autumn,Friday,19155
2019,Sep,07,Autumn,Monday,19863
2019,Sep,07,Autumn,Saturday,4637
2019,Sep,07,Autumn,Sunday,4194
2019,Sep,07,Autumn,Thursday,20785
2019,Sep,07,Autumn,Tuesday,20143
2019,Sep,07,Autumn,Wednesday,21981
2019,Sep,08,Autumn,Friday,33046
2019,Sep,08,Autumn,Monday,32433
2019,Sep,08,Autumn,Saturday,9250
2019,Sep,08,Autumn,Sunday,8675
2019,Sep,08,Autumn,Thursday,35187
2019,Sep,08,Autumn,Tuesday,34523
2019,Sep,08,Autumn,Wednesday,35920
2019,Sep,09,Autumn,Friday,23243
2019,Sep,09,Autumn,Monday,23015
2019,Sep,09,Autumn,Saturday,14869
2019,Sep,09,Autumn,Sunday,14453
2019,Sep,09,Autumn,Thursday,24384
2019,Sep,09,Autumn,Tuesday,23115
2019,Sep,09,Autumn,Wednesday,24197
2019,Sep,10,Autumn,Friday,14348
2019,Sep,10,Autumn,Monday,14688
2019,Sep,10,Autumn,Saturday,19564
2019,Sep,10,Autumn,Sunday,21041
2019,Sep,10,Autumn,Thursday,14090
2019,Sep,10,Autumn,Tuesday,13065
2019,Sep,10,Autumn,Wednesday,13703
2019,Sep,11,Autumn,Friday,14283
2019,Sep,11,Autumn,Monday,12697
2019,Sep,11,Autumn,Saturday,23797
2019,Sep,11,Autumn,Sunday,25638
2019,Sep,11,Autumn,Thursday,13249
2019,Sep,11,Autumn,Tuesday,12851
2019,Sep,11,Autumn,Wednesday,13122
2019,Sep,12,Autumn,Friday,16390
2019,Sep,12,Autumn,Monday,15060
2019,Sep,12,Autumn,Saturday,26249
2019,Sep,12,Autumn,Sunday,29594
2019,Sep,12,Autumn,Thursday,15357
2019,Sep,12,Autumn,Tuesday,14919
2019,Sep,12,Autumn,Wednesday,15428
2019,Sep,13,Autumn,Friday,15282
2019,Sep,13,Autumn,Monday,17394
2019,Sep,13,Autumn,Saturday,27905
2019,Sep,13,Autumn,Sunday,30564
2019,Sep,13,Autumn,Thursday,14767
2019,Sep,13,Autumn,Tuesday,15537
2019,Sep,13,Autumn,Wednesday,15509
2019,Sep,14,Autumn,Friday,17179
2019,Sep,14,Autumn,Monday,17097
2019,Sep,14,Autumn,Saturday,27789
2019,Sep,14,Autumn,Sunday,30864
2019,Sep,14,Autumn,Thursday,15867
2019,Sep,14,Autumn,Tuesday,16112
2019,Sep,14,Autumn,Wednesday,15997
2019,Sep,15,Autumn,Friday,17258
2019,Sep,15,Autumn,Monday,18620
2019,Sep,15,Autumn,Saturday,28036
2019,Sep,15,Autumn,Sunday,30778
2019,Sep,15,Autumn,Thursday,17409
2019,Sep,15,Autumn,Tuesday,17820
2019,Sep,15,Autumn,Wednesday,17413
2019,Sep,16,Autumn,Friday,21908
2019,Sep,16,Autumn,Monday,24627
2019,Sep,16,Autumn,Saturday,27363
2019,Sep,16,Autumn,Sunday,31186
2019,Sep,16,Autumn,Thursday,20667
2019,Sep,16,Autumn,Tuesday,23142
2019,Sep,16,Autumn,Wednesday,21908
2019,Sep,17,Autumn,Friday,32946
2019,Sep,17,Autumn,Monday,41613
2019,Sep,17,Autumn,Saturday,26540
2019,Sep,17,Autumn,Sunday,30985
2019,Sep,17,Autumn,Thursday,34222
2019,Sep,17,Autumn,Tuesday,40530
2019,Sep,17,Autumn,Wednesday,38896
2019,Sep,18,Autumn,Friday,29155
2019,Sep,18,Autumn,Monday,40190
2019,Sep,18,Autumn,Saturday,24441
2019,Sep,18,Autumn,Sunday,28299
2019,Sep,18,Autumn,Thursday,33576
2019,Sep,18,Autumn,Tuesday,40651
2019,Sep,18,Autumn,Wednesday,39543
2019,Sep,19,Autumn,Friday,18813
2019,Sep,19,Autumn,Monday,26898
2019,Sep,19,Autumn,Saturday,18924
2019,Sep,19,Autumn,Sunday,21446
2019,Sep,19,Autumn,Thursday,20450
2019,Sep,19,Autumn,Tuesday,26144
2019,Sep,19,Autumn,Wednesday,25257
2019,Sep,20,Autumn,Friday,12600
2019,Sep,20,Autumn,Monday,18169
2019,Sep,20,Autumn,Saturday,12956
2019,Sep,20,Autumn,Sunday,14381
2019,Sep,20,Autumn,Thursday,13948
2019,Sep,20,Autumn,Tuesday,17059
2019,Sep,20,Autumn,Wednesday,16918
2019,Sep,21,Autumn,Friday,9526
2019,Sep,21,Autumn,Monday,12383
2019,Sep,21,Autumn,Saturday,10778
2019,Sep,21,Autumn,Sunday,11011
2019,Sep,21,Autumn,Thursday,9577
2019,Sep,21,Autumn,Tuesday,11915
2019,Sep,21,Autumn,Wednesday,12211
2019,Sep,22,Autumn,Friday,7891
2019,Sep,22,Autumn,Monday,8468
2019,Sep,22,Autumn,Saturday,9156
2019,Sep,22,Autumn,Sunday,8234
2019,Sep,22,Autumn,Thursday,7754
2019,Sep,22,Autumn,Tuesday,8084
2019,Sep,22,Autumn,Wednesday,8258
2019,Sep,23,Autumn,Friday,6234
2019,Sep,23,Autumn,Monday,4733
2019,Sep,23,Autumn,Saturday,7647
2019,Sep,23,Autumn,Sunday,5243
2019,Sep,23,Autumn,Thursday,5278
2019,Sep,23,Autumn,Tuesday,4570
2019,Sep,23,Autumn,Wednesday,5052
2019,Oct,00,Autumn,Friday,2360
2019,Oct,00,Autumn,Monday,1631
2019,Oct,00,Autumn,Saturday,3815
2019,Oct,00,Autumn,Sunday,4252
2019,Oct,00,Autumn,Thursday,2172
2019,Oct,00,Autumn,Tuesday,2086
2019,Oct,00,Autumn,Wednesday,2106
2019,Oct,01,Autumn,Friday,1210
2019,Oct,01,Autumn,Monday,894
2019,Oct,01,Autumn,Saturday,2412
2019,Oct,01,Autumn,Sunday,3163
2019,Oct,01,Autumn,Thursday,892
2019,Oct,01,Autumn,Tuesday,983
2019,Oct,01,Autumn,Wednesday,1135
2019,Oct,02,Autumn,Friday,686
2019,Oct,02,Autumn,Monday,541
2019,Oct,02,Autumn,Saturday,1546
2019,Oct,02,Autumn,Sunday,1923
2019,Oct,02,Autumn,Thursday,525
2019,Oct,02,Autumn,Tuesday,542
2019,Oct,02,Autumn,Wednesday,641
2019,Oct,03,Autumn,Friday,405
2019,Oct,03,Autumn,Monday,345
2019,Oct,03,Autumn,Saturday,1054
2019,Oct,03,Autumn,Sunday,1280
2019,Oct,03,Autumn,Thursday,385
2019,Oct,03,Autumn,Tuesday,370
2019,Oct,03,Autumn,Wednesday,440
2019,Oct,04,Autumn,Friday,604
2019,Oct,04,Autumn,Monday,554
2019,Oct,04,Autumn,Saturday,680
2019,Oct,04,Autumn,Sunday,780
2019,Oct,04,Autumn,Thursday,570
2019,Oct,04,Autumn,Tuesday,768
2019,Oct,04,Autumn,Wednesday,745
2019,Oct,05,Autumn,Friday,2274
2019,Oct,05,Autumn,Monday,2433
2019,Oct,05,Autumn,Saturday,660
2019,Oct,05,Autumn,Sunday,591
2019,Oct,05,Autumn,Thursday,2416
2019,Oct,05,Autumn,Tuesday,3661
2019,Oct,05,Autumn,Wednesday,3447
2019,Oct,06,Autumn,Friday,7247
2019,Oct,06,Autumn,Monday,7409
2019,Oct,06,Autumn,Saturday,1661
2019,Oct,06,Autumn,Sunday,1116
2019,Oct,06,Autumn,Thursday,7616
2019,Oct,06,Autumn,Tuesday,11177
2019,Oct,06,Autumn,Wednesday,10558
2019,Oct,07,Autumn,Friday,17182
2019,Oct,07,Autumn,Monday,16466
2019,Oct,07,Autumn,Saturday,4082
2019,Oct,07,Autumn,Sunday,2239
2019,Oct,07,Autumn,Thursday,18141
2019,Oct,07,Autumn,Tuesday,22926
2019,Oct,07,Autumn,Wednesday,22371
2019,Oct,08,Autumn,Friday,31198
2019,Oct,08,Autumn,Monday,29460
2019,Oct,08,Autumn,Saturday,7842
2019,Oct,08,Autumn,Sunday,4841
2019,Oct,08,Autumn,Thursday,29562
2019,Oct,08,Autumn,Tuesday,41027
2019,Oct,08,Autumn,Wednesday,39950
2019,Oct,09,Autumn,Friday,22521
2019,Oct,09,Autumn,Monday,20678
2019,Oct,09,Autumn,Saturday,12726
2019,Oct,09,Autumn,Sunday,8313
2019,Oct,09,Autumn,Thursday,20745
2019,Oct,09,Autumn,Tuesday,28221
2019,Oct,09,Autumn,Wednesday,26680
2019,Oct,10,Autumn,Friday,13769
2019,Oct,10,Autumn,Monday,12172
2019,Oct,10,Autumn,Saturday,16354
2019,Oct,10,Autumn,Sunday,11591
2019,Oct,10,Autumn,Thursday,13308
2019,Oct,10,Autumn,Tuesday,14555
2019,Oct,10,Autumn,Wednesday,12938
2019,Oct,11,Autumn,Friday,13335
2019,Oct,11,Autumn,Monday,12075
2019,Oct,11,Autumn,Saturday,20008
2019,Oct,11,Autumn,Sunday,14282
2019,Oct,11,Autumn,Thursday,10982
2019,Oct,11,Autumn,Tuesday,13324
2019,Oct,11,Autumn,Wednesday,11838
2019,Oct,12,Autumn,Friday,15764
2019,Oct,12,Autumn,Monday,14113
2019,Oct,12,Autumn,Saturday,22692
2019,Oct,12,Autumn,Sunday,15220
2019,Oct,12,Autumn,Thursday,13389
2019,Oct,12,Autumn,Tuesday,14997
2019,Oct,12,Autumn,Wednesday,13855
2019,Oct,13,Autumn,Friday,16231
2019,Oct,13,Autumn,Monday,14937
2019,Oct,13,Autumn,Saturday,23982
2019,Oct,13,Autumn,Sunday,13430
2019,Oct,13,Autumn,Thursday,14759
2019,Oct,13,Autumn,Tuesday,15731
2019,Oct,13,Autumn,Wednesday,13858
2019,Oct,14,Autumn,Friday,17537
2019,Oct,14,Autumn,Monday,15823
2019,Oct,14,Autumn,Saturday,24357
2019,Oct,14,Autumn,Sunday,13445
2019,Oct,14,Autumn,Thursday,16216
2019,Oct,14,Autumn,Tuesday,16283
2019,Oct,14,Autumn,Wednesday,13997
2019,Oct,15,Autumn,Friday,19161
2019,Oct,15,Autumn,Monday,17328
2019,Oct,15,Autumn,Saturday,24739
2019,Oct,15,Autumn,Sunday,14425
2019,Oct,15,Autumn,Thursday,18100
2019,Oct,15,Autumn,Tuesday,18763
2019,Oct,15,Autumn,Wednesday,14368
2019,Oct,16,Autumn,Friday,24340
2019,Oct,16,Autumn,Monday,21761
2019,Oct,16,Autumn,Saturday,24345
2019,Oct,16,Autumn,Sunday,15728
2019,Oct,16,Autumn,Thursday,21925
2019,Oct,16,Autumn,Tuesday,22076
2019,Oct,16,Autumn,Wednesday,19281
2019,Oct,17,Autumn,Friday,34900
2019,Oct,17,Autumn,Monday,36525
2019,Oct,17,Autumn,Saturday,21832
2019,Oct,17,Autumn,Sunday,15649
2019,Oct,17,Autumn,Thursday,35151
2019,Oct,17,Autumn,Tuesday,36628
2019,Oct,17,Autumn,Wednesday,32765
2019,Oct,18,Autumn,Friday,27933
2019,Oct,18,Autumn,Monday,35056
2019,Oct,18,Autumn,Saturday,18086
2019,Oct,18,Autumn,Sunday,12497
2019,Oct,18,Autumn,Thursday,34279
2019,Oct,18,Autumn,Tuesday,36345
2019,Oct,18,Autumn,Wednesday,27833
2019,Oct,19,Autumn,Friday,17301
2019,Oct,19,Autumn,Monday,20368
2019,Oct,19,Autumn,Saturday,13316
2019,Oct,19,Autumn,Sunday,8826
2019,Oct,19,Autumn,Thursday,22533
2019,Oct,19,Autumn,Tuesday,21243
2019,Oct,19,Autumn,Wednesday,18607
2019,Oct,20,Autumn,Friday,11152
2019,Oct,20,Autumn,Monday,11875
2019,Oct,20,Autumn,Saturday,9350
2019,Oct,20,Autumn,Sunday,7000
2019,Oct,20,Autumn,Thursday,15656
2019,Oct,20,Autumn,Tuesday,14420
2019,Oct,20,Autumn,Wednesday,13778
2019,Oct,21,Autumn,Friday,8139
2019,Oct,21,Autumn,Monday,8808
2019,Oct,21,Autumn,Saturday,7496
2019,Oct,21,Autumn,Sunday,5624
2019,Oct,21,Autumn,Thursday,11232
2019,Oct,21,Autumn,Tuesday,10620
2019,Oct,21,Autumn,Wednesday,10090
2019,Oct,22,Autumn,Friday,6662
2019,Oct,22,Autumn,Monday,5807
2019,Oct,22,Autumn,Saturday,6456
2019,Oct,22,Autumn,Sunday,4319
2019,Oct,22,Autumn,Thursday,8241
2019,Oct,22,Autumn,Tuesday,7627
2019,Oct,22,Autumn,Wednesday,7423
2019,Oct,23,Autumn,Friday,5559
2019,Oct,23,Autumn,Monday,3077
2019,Oct,23,Autumn,Saturday,5343
2019,Oct,23,Autumn,Sunday,2923
2019,Oct,23,Autumn,Thursday,5537
2019,Oct,23,Autumn,Tuesday,4568
2019,Oct,23,Autumn,Wednesday,4699
2019,Nov,00,Autumn,Friday,2067
2019,Nov,00,Autumn,Monday,1020
2019,Nov,00,Autumn,Saturday,2677
2019,Nov,00,Autumn,Sunday,2166
2019,Nov,00,Autumn,Thursday,1465
2019,Nov,00,Autumn,Tuesday,1208
2019,Nov,00,Autumn,Wednesday,1422
2019,Nov,01,Autumn,Friday,965
2019,Nov,01,Autumn,Monday,543
2019,Nov,01,Autumn,Saturday,1737
2019,Nov,01,Autumn,Sunday,1262
2019,Nov,01,Autumn,Thursday,721
2019,Nov,01,Autumn,Tuesday,555
2019,Nov,01,Autumn,Wednesday,670
2019,Nov,02,Autumn,Friday,597
2019,Nov,02,Autumn,Monday,291
2019,Nov,02,Autumn,Saturday,1155
2019,Nov,02,Autumn,Sunday,789
2019,Nov,02,Autumn,Thursday,413
2019,Nov,02,Autumn,Tuesday,316
2019,Nov,02,Autumn,Wednesday,370
2019,Nov,03,Autumn,Friday,356
2019,Nov,03,Autumn,Monday,230
2019,Nov,03,Autumn,Saturday,749
2019,Nov,03,Autumn,Sunday,536
2019,Nov,03,Autumn,Thursday,280
2019,Nov,03,Autumn,Tuesday,251
2019,Nov,03,Autumn,Wednesday,285
2019,Nov,04,Autumn,Friday,560
2019,Nov,04,Autumn,Monday,438
2019,Nov,04,Autumn,Saturday,515
2019,Nov,04,Autumn,Sunday,373
2019,Nov,04,Autumn,Thursday,442
2019,Nov,04,Autumn,Tuesday,537
2019,Nov,04,Autumn,Wednesday,473
2019,Nov,05,Autumn,Friday,2006
2019,Nov,05,Autumn,Monday,1970
2019,Nov,05,Autumn,Saturday,527
2019,Nov,05,Autumn,Sunday,416
2019,Nov,05,Autumn,Thursday,1675
2019,Nov,05,Autumn,Tuesday,2432
2019,Nov,05,Autumn,Wednesday,2080
2019,Nov,06,Autumn,Friday,6542
2019,Nov,06,Autumn,Monday,6097
2019,Nov,06,Autumn,Saturday,1297
2019,Nov,06,Autumn,Sunday,770
2019,Nov,06,Autumn,Thursday,5524
2019,Nov,06,Autumn,Tuesday,7609
2019,Nov,06,Autumn,Wednesday,6713
2019,Nov,07,Autumn,Friday,14526
2019,Nov,07,Autumn,Monday,13946
2019,Nov,07,Autumn,Saturday,3200
2019,Nov,07,Autumn,Sunday,1972
2019,Nov,07,Autumn,Thursday,12151
2019,Nov,07,Autumn,Tuesday,14237
2019,Nov,07,Autumn,Wednesday,14507
2019,Nov,08,Autumn,Friday,26343
2019,Nov,08,Autumn,Monday,25108
2019,Nov,08,Autumn,Saturday,6418
2019,Nov,08,Autumn,Sunday,3905
2019,Nov,08,Autumn,Thursday,21506
2019,Nov,08,Autumn,Tuesday,23882
2019,Nov,08,Autumn,Wednesday,25026
2019,Nov,09,Autumn,Friday,19902
2019,Nov,09,Autumn,Monday,17440
2019,Nov,09,Autumn,Saturday,10217
2019,Nov,09,Autumn,Sunday,6663
2019,Nov,09,Autumn,Thursday,15435
2019,Nov,09,Autumn,Tuesday,16241
2019,Nov,09,Autumn,Wednesday,16660
2019,Nov,10,Autumn,Friday,12075
2019,Nov,10,Autumn,Monday,9727
2019,Nov,10,Autumn,Saturday,13133
2019,Nov,10,Autumn,Sunday,9483
2019,Nov,10,Autumn,Thursday,9105
2019,Nov,10,Autumn,Tuesday,9693
2019,Nov,10,Autumn,Wednesday,9707
2019,Nov,11,Autumn,Friday,11504
2019,Nov,11,Autumn,Monday,9429
2019,Nov,11,Autumn,Saturday,15772
2019,Nov,11,Autumn,Sunday,11030
2019,Nov,11,Autumn,Thursday,8703
2019,Nov,11,Autumn,Tuesday,9310
2019,Nov,11,Autumn,Wednesday,9106
2019,Nov,12,Autumn,Friday,11843
2019,Nov,12,Autumn,Monday,10940
2019,Nov,12,Autumn,Saturday,17880
2019,Nov,12,Autumn,Sunday,12791
2019,Nov,12,Autumn,Thursday,9542
2019,Nov,12,Autumn,Tuesday,10675
2019,Nov,12,Autumn,Wednesday,10796
2019,Nov,13,Autumn,Friday,12254
2019,Nov,13,Autumn,Monday,11143
2019,Nov,13,Autumn,Saturday,18065
2019,Nov,13,Autumn,Sunday,12661
2019,Nov,13,Autumn,Thursday,9872
2019,Nov,13,Autumn,Tuesday,10872
2019,Nov,13,Autumn,Wednesday,11008
2019,Nov,14,Autumn,Friday,14025
2019,Nov,14,Autumn,Monday,11646
2019,Nov,14,Autumn,Saturday,17888
2019,Nov,14,Autumn,Sunday,12690
2019,Nov,14,Autumn,Thursday,10255
2019,Nov,14,Autumn,Tuesday,11182
2019,Nov,14,Autumn,Wednesday,12114
2019,Nov,15,Autumn,Friday,15684
2019,Nov,15,Autumn,Monday,12324
2019,Nov,15,Autumn,Saturday,17766
2019,Nov,15,Autumn,Sunday,12406
2019,Nov,15,Autumn,Thursday,10996
2019,Nov,15,Autumn,Tuesday,12495
2019,Nov,15,Autumn,Wednesday,13293
2019,Nov,16,Autumn,Friday,19680
2019,Nov,16,Autumn,Monday,15398
2019,Nov,16,Autumn,Saturday,16513
2019,Nov,16,Autumn,Sunday,12515
2019,Nov,16,Autumn,Thursday,12776
2019,Nov,16,Autumn,Tuesday,15348
2019,Nov,16,Autumn,Wednesday,15196
2019,Nov,17,Autumn,Friday,25794
2019,Nov,17,Autumn,Monday,23412
2019,Nov,17,Autumn,Saturday,13647
2019,Nov,17,Autumn,Sunday,10746
2019,Nov,17,Autumn,Thursday,16394
2019,Nov,17,Autumn,Tuesday,24031
2019,Nov,17,Autumn,Wednesday,20552
2019,Nov,18,Autumn,Friday,20730
2019,Nov,18,Autumn,Monday,22201
2019,Nov,18,Autumn,Saturday,11309
2019,Nov,18,Autumn,Sunday,9192
2019,Nov,18,Autumn,Thursday,13697
2019,Nov,18,Autumn,Tuesday,22964
2019,Nov,18,Autumn,Wednesday,19482
2019,Nov,19,Autumn,Friday,13362
2019,Nov,19,Autumn,Monday,14097
2019,Nov,19,Autumn,Saturday,9431
2019,Nov,19,Autumn,Sunday,7155
2019,Nov,19,Autumn,Thursday,9425
2019,Nov,19,Autumn,Tuesday,15049
2019,Nov,19,Autumn,Wednesday,12893
2019,Nov,20,Autumn,Friday,8733
2019,Nov,20,Autumn,Monday,9000
2019,Nov,20,Autumn,Saturday,6974
2019,Nov,20,Autumn,Sunday,5604
2019,Nov,20,Autumn,Thursday,6920
2019,Nov,20,Autumn,Tuesday,10202
2019,Nov,20,Autumn,Wednesday,9147
2019,Nov,21,Autumn,Friday,6367
2019,Nov,21,Autumn,Monday,6371
2019,Nov,21,Autumn,Saturday,5265
2019,Nov,21,Autumn,Sunday,4279
2019,Nov,21,Autumn,Thursday,5514
2019,Nov,21,Autumn,Tuesday,7185
2019,Nov,21,Autumn,Wednesday,6659
2019,Nov,22,Autumn,Friday,5001
2019,Nov,22,Autumn,Monday,4218
2019,Nov,22,Autumn,Saturday,4315
2019,Nov,22,Autumn,Sunday,3165
2019,Nov,22,Autumn,Thursday,4492
2019,Nov,22,Autumn,Tuesday,4936
2019,Nov,22,Autumn,Wednesday,4735
2019,Nov,23,Autumn,Friday,3823
2019,Nov,23,Autumn,Monday,2341
2019,Nov,23,Autumn,Saturday,3623
2019,Nov,23,Autumn,Sunday,2051
2019,Nov,23,Autumn,Thursday,2990
2019,Nov,23,Autumn,Tuesday,2803
2019,Nov,23,Autumn,Wednesday,2746
2019,Dec,00,Winter,Friday,1387
2019,Dec,00,Winter,Monday,873
2019,Dec,00,Winter,Saturday,1430
2019,Dec,00,Winter,Sunday,2566
2019,Dec,00,Winter,Thursday,921
2019,Dec,00,Winter,Tuesday,971
2019,Dec,00,Winter,Wednesday,955
2019,Dec,01,Winter,Friday,691
2019,Dec,01,Winter,Monday,464
2019,Dec,01,Winter,Saturday,929
2019,Dec,01,Winter,Sunday,1538
2019,Dec,01,Winter,Thursday,499
2019,Dec,01,Winter,Tuesday,554
2019,Dec,01,Winter,Wednesday,487
2019,Dec,02,Winter,Friday,407
2019,Dec,02,Winter,Monday,295
2019,Dec,02,Winter,Saturday,575
2019,Dec,02,Winter,Sunday,1086
2019,Dec,02,Winter,Thursday,282
2019,Dec,02,Winter,Tuesday,365
2019,Dec,02,Winter,Wednesday,294
2019,Dec,03,Winter,Friday,297
2019,Dec,03,Winter,Monday,260
2019,Dec,03,Winter,Saturday,430
2019,Dec,03,Winter,Sunday,725
2019,Dec,03,Winter,Thursday,192
2019,Dec,03,Winter,Tuesday,241
2019,Dec,03,Winter,Wednesday,206
2019,Dec,04,Winter,Friday,343
2019,Dec,04,Winter,Monday,300
2019,Dec,04,Winter,Saturday,309
2019,Dec,04,Winter,Sunday,504
2019,Dec,04,Winter,Thursday,321
2019,Dec,04,Winter,Tuesday,378
2019,Dec,04,Winter,Wednesday,290
2019,Dec,05,Winter,Friday,1256
2019,Dec,05,Winter,Monday,1266
2019,Dec,05,Winter,Saturday,264
2019,Dec,05,Winter,Sunday,366
2019,Dec,05,Winter,Thursday,1238
2019,Dec,05,Winter,Tuesday,1358
2019,Dec,05,Winter,Wednesday,1145
2019,Dec,06,Winter,Friday,3956
2019,Dec,06,Winter,Monday,3738
2019,Dec,06,Winter,Saturday,673
2019,Dec,06,Winter,Sunday,705
2019,Dec,06,Winter,Thursday,3973
2019,Dec,06,Winter,Tuesday,4227
2019,Dec,06,Winter,Wednesday,3534
2019,Dec,07,Winter,Friday,8887
2019,Dec,07,Winter,Monday,7492
2019,Dec,07,Winter,Saturday,1832
2019,Dec,07,Winter,Sunday,1733
2019,Dec,07,Winter,Thursday,8625
2019,Dec,07,Winter,Tuesday,8489
2019,Dec,07,Winter,Wednesday,7811
2019,Dec,08,Winter,Friday,15966
2019,Dec,08,Winter,Monday,11340
2019,Dec,08,Winter,Saturday,3565
2019,Dec,08,Winter,Sunday,3433
2019,Dec,08,Winter,Thursday,15557
2019,Dec,08,Winter,Tuesday,15023
2019,Dec,08,Winter,Wednesday,13088
2019,Dec,09,Winter,Friday,12317
2019,Dec,09,Winter,Monday,8868
2019,Dec,09,Winter,Saturday,5947
2019,Dec,09,Winter,Sunday,6121
2019,Dec,09,Winter,Thursday,11276
2019,Dec,09,Winter,Tuesday,11589
2019,Dec,09,Winter,Wednesday,10085
2019,Dec,10,Winter,Friday,7833
2019,Dec,10,Winter,Monday,5966
2019,Dec,10,Winter,Saturday,7899
2019,Dec,10,Winter,Sunday,8857
2019,Dec,10,Winter,Thursday,6565
2019,Dec,10,Winter,Tuesday,7856
2019,Dec,10,Winter,Wednesday,6352
2019,Dec,11,Winter,Friday,7938
2019,Dec,11,Winter,Monday,6200
2019,Dec,11,Winter,Saturday,9550
2019,Dec,11,Winter,Sunday,10195
2019,Dec,11,Winter,Thursday,6012
2019,Dec,11,Winter,Tuesday,8114
2019,Dec,11,Winter,Wednesday,6044
2019,Dec,12,Winter,Friday,9020
2019,Dec,12,Winter,Monday,7014
2019,Dec,12,Winter,Saturday,10350
2019,Dec,12,Winter,Sunday,11302
2019,Dec,12,Winter,Thursday,7014
2019,Dec,12,Winter,Tuesday,7984
2019,Dec,12,Winter,Wednesday,7038
2019,Dec,13,Winter,Friday,9146
2019,Dec,13,Winter,Monday,7304
2019,Dec,13,Winter,Saturday,9953
2019,Dec,13,Winter,Sunday,10587
2019,Dec,13,Winter,Thursday,7145
2019,Dec,13,Winter,Tuesday,8729
2019,Dec,13,Winter,Wednesday,7306
2019,Dec,14,Winter,Friday,9661
2019,Dec,14,Winter,Monday,6814
2019,Dec,14,Winter,Saturday,10109
2019,Dec,14,Winter,Sunday,10458
2019,Dec,14,Winter,Thursday,7921
2019,Dec,14,Winter,Tuesday,9854
2019,Dec,14,Winter,Wednesday,7765
2019,Dec,15,Winter,Friday,9437
2019,Dec,15,Winter,Monday,7088
2019,Dec,15,Winter,Saturday,10517
2019,Dec,15,Winter,Sunday,9971
2019,Dec,15,Winter,Thursday,8704
2019,Dec,15,Winter,Tuesday,10324
2019,Dec,15,Winter,Wednesday,8284
2019,Dec,16,Winter,Friday,10347
2019,Dec,16,Winter,Monday,8079
2019,Dec,16,Winter,Saturday,9263
2019,Dec,16,Winter,Sunday,8931
2019,Dec,16,Winter,Thursday,10123
2019,Dec,16,Winter,Tuesday,10776
2019,Dec,16,Winter,Wednesday,8645
2019,Dec,17,Winter,Friday,11931
2019,Dec,17,Winter,Monday,11268
2019,Dec,17,Winter,Saturday,7454
2019,Dec,17,Winter,Sunday,7129
2019,Dec,17,Winter,Thursday,14124
2019,Dec,17,Winter,Tuesday,13771
2019,Dec,17,Winter,Wednesday,12616
2019,Dec,18,Winter,Friday,10267
2019,Dec,18,Winter,Monday,10583
2019,Dec,18,Winter,Saturday,6833
2019,Dec,18,Winter,Sunday,6099
2019,Dec,18,Winter,Thursday,13131
2019,Dec,18,Winter,Tuesday,12466
2019,Dec,18,Winter,Wednesday,12379
2019,Dec,19,Winter,Friday,6884
2019,Dec,19,Winter,Monday,7015
2019,Dec,19,Winter,Saturday,5910
2019,Dec,19,Winter,Sunday,4960
2019,Dec,19,Winter,Thursday,8780
2019,Dec,19,Winter,Tuesday,9206
2019,Dec,19,Winter,Wednesday,8152
2019,Dec,20,Winter,Friday,4523
2019,Dec,20,Winter,Monday,4877
2019,Dec,20,Winter,Saturday,4446
2019,Dec,20,Winter,Sunday,4031
2019,Dec,20,Winter,Thursday,6104
2019,Dec,20,Winter,Tuesday,6075
2019,Dec,20,Winter,Wednesday,5357
2019,Dec,21,Winter,Friday,3286
2019,Dec,21,Winter,Monday,3477
2019,Dec,21,Winter,Saturday,3582
2019,Dec,21,Winter,Sunday,3253
2019,Dec,21,Winter,Thursday,4627
2019,Dec,21,Winter,Tuesday,4377
2019,Dec,21,Winter,Wednesday,3873
2019,Dec,22,Winter,Friday,2663
2019,Dec,22,Winter,Monday,2429
2019,Dec,22,Winter,Saturday,3128
2019,Dec,22,Winter,Sunday,2426
2019,Dec,22,Winter,Thursday,3477
2019,Dec,22,Winter,Tuesday,3584
2019,Dec,22,Winter,Wednesday,2947
2019,Dec,23,Winter,Friday,2142
2019,Dec,23,Winter,Monday,1448
2019,Dec,23,Winter,Saturday,2592
2019,Dec,23,Winter,Sunday,1671
2019,Dec,23,Winter,Thursday,2453
2019,Dec,23,Winter,Tuesday,2061
2019,Dec,23,Winter,Wednesday,1891
2019,Nov,00,Autumn,Friday,2067
2019,Nov,00,Autumn,Monday,1020
2019,Nov,00,Autumn,Saturday,2677
2019,Nov,00,Autumn,Sunday,2166
2019,Nov,00,Autumn,Thursday,1465
2019,Nov,00,Autumn,Tuesday,1208
2019,Nov,00,Autumn,Wednesday,1422
2019,Nov,01,Autumn,Friday,965
2019,Nov,01,Autumn,Monday,543
2019,Nov,01,Autumn,Saturday,1737
2019,Nov,01,Autumn,Sunday,1262
2019,Nov,01,Autumn,Thursday,721
2019,Nov,01,Autumn,Tuesday,555
2019,Nov,01,Autumn,Wednesday,670
2019,Nov,02,Autumn,Friday,597
2019,Nov,02,Autumn,Monday,291
2019,Nov,02,Autumn,Saturday,1155
2019,Nov,02,Autumn,Sunday,789
2019,Nov,02,Autumn,Thursday,413
2019,Nov,02,Autumn,Tuesday,316
2019,Nov,02,Autumn,Wednesday,370
2019,Nov,03,Autumn,Friday,356
2019,Nov,03,Autumn,Monday,230
2019,Nov,03,Autumn,Saturday,749
2019,Nov,03,Autumn,Sunday,536
2019,Nov,03,Autumn,Thursday,280
2019,Nov,03,Autumn,Tuesday,251
2019,Nov,03,Autumn,Wednesday,285
2019,Nov,04,Autumn,Friday,560
2019,Nov,04,Autumn,Monday,438
2019,Nov,04,Autumn,Saturday,515
2019,Nov,04,Autumn,Sunday,373
2019,Nov,04,Autumn,Thursday,442
2019,Nov,04,Autumn,Tuesday,537
2019,Nov,04,Autumn,Wednesday,473
2019,Nov,05,Autumn,Friday,2006
2019,Nov,05,Autumn,Monday,1970
2019,Nov,05,Autumn,Saturday,527
2019,Nov,05,Autumn,Sunday,416
2019,Nov,05,Autumn,Thursday,1675
2019,Nov,05,Autumn,Tuesday,2432
2019,Nov,05,Autumn,Wednesday,2080
2019,Nov,06,Autumn,Friday,6542
2019,Nov,06,Autumn,Monday,6097
2019,Nov,06,Autumn,Saturday,1297
2019,Nov,06,Autumn,Sunday,770
2019,Nov,06,Autumn,Thursday,5524
2019,Nov,06,Autumn,Tuesday,7609
2019,Nov,06,Autumn,Wednesday,6713
2019,Nov,07,Autumn,Friday,14526
2019,Nov,07,Autumn,Monday,13946
2019,Nov,07,Autumn,Saturday,3200
2019,Nov,07,Autumn,Sunday,1972
2019,Nov,07,Autumn,Thursday,12151
2019,Nov,07,Autumn,Tuesday,14237
2019,Nov,07,Autumn,Wednesday,14507
2019,Nov,08,Autumn,Friday,26343
2019,Nov,08,Autumn,Monday,25108
2019,Nov,08,Autumn,Saturday,6418
2019,Nov,08,Autumn,Sunday,3905
2019,Nov,08,Autumn,Thursday,21506
2019,Nov,08,Autumn,Tuesday,23882
2019,Nov,08,Autumn,Wednesday,25026
2019,Nov,09,Autumn,Friday,19902
2019,Nov,09,Autumn,Monday,17440
2019,Nov,09,Autumn,Saturday,10217
2019,Nov,09,Autumn,Sunday,6663
2019,Nov,09,Autumn,Thursday,15435
2019,Nov,09,Autumn,Tuesday,16241
2019,Nov,09,Autumn,Wednesday,16660
2019,Nov,10,Autumn,Friday,12075
2019,Nov,10,Autumn,Monday,9727
2019,Nov,10,Autumn,Saturday,13133
2019,Nov,10,Autumn,Sunday,9483
2019,Nov,10,Autumn,Thursday,9105
2019,Nov,10,Autumn,Tuesday,9693
2019,Nov,10,Autumn,Wednesday,9707
2019,Nov,11,Autumn,Friday,11504
2019,Nov,11,Autumn,Monday,9429
2019,Nov,11,Autumn,Saturday,15772
2019,Nov,11,Autumn,Sunday,11030
2019,Nov,11,Autumn,Thursday,8703
2019,Nov,11,Autumn,Tuesday,9310
2019,Nov,11,Autumn,Wednesday,9106
2019,Nov,12,Autumn,Friday,11843
2019,Nov,12,Autumn,Monday,10940
2019,Nov,12,Autumn,Saturday,17880
2019,Nov,12,Autumn,Sunday,12791
2019,Nov,12,Autumn,Thursday,9542
2019,Nov,12,Autumn,Tuesday,10675
2019,Nov,12,Autumn,Wednesday,10796
2019,Nov,13,Autumn,Friday,12254
2019,Nov,13,Autumn,Monday,11143
2019,Nov,13,Autumn,Saturday,18065
2019,Nov,13,Autumn,Sunday,12661
2019,Nov,13,Autumn,Thursday,9872
2019,Nov,13,Autumn,Tuesday,10872
2019,Nov,13,Autumn,Wednesday,11008
2019,Nov,14,Autumn,Friday,14025
2019,Nov,14,Autumn,Monday,11646
2019,Nov,14,Autumn,Saturday,17888
2019,Nov,14,Autumn,Sunday,12690
2019,Nov,14,Autumn,Thursday,10255
2019,Nov,14,Autumn,Tuesday,11182
2019,Nov,14,Autumn,Wednesday,12114
2019,Nov,15,Autumn,Friday,15684
2019,Nov,15,Autumn,Monday,12324
2019,Nov,15,Autumn,Saturday,17766
2019,Nov,15,Autumn,Sunday,12406
2019,Nov,15,Autumn,Thursday,10996
2019,Nov,15,Autumn,Tuesday,12495
2019,Nov,15,Autumn,Wednesday,13293
2019,Nov,16,Autumn,Friday,19680
2019,Nov,16,Autumn,Monday,15398
2019,Nov,16,Autumn,Saturday,16513
2019,Nov,16,Autumn,Sunday,12515
2019,Nov,16,Autumn,Thursday,12776
2019,Nov,16,Autumn,Tuesday,15348
2019,Nov,16,Autumn,Wednesday,15196
2019,Nov,17,Autumn,Friday,25794
2019,Nov,17,Autumn,Monday,23412
2019,Nov,17,Autumn,Saturday,13647
2019,Nov,17,Autumn,Sunday,10746
2019,Nov,17,Autumn,Thursday,16394
2019,Nov,17,Autumn,Tuesday,24031
2019,Nov,17,Autumn,Wednesday,20552
2019,Nov,18,Autumn,Friday,20730
2019,Nov,18,Autumn,Monday,22201
2019,Nov,18,Autumn,Saturday,11309
2019,Nov,18,Autumn,Sunday,9192
2019,Nov,18,Autumn,Thursday,13697
2019,Nov,18,Autumn,Tuesday,22964
2019,Nov,18,Autumn,Wednesday,19482
2019,Nov,19,Autumn,Friday,13362
2019,Nov,19,Autumn,Monday,14097
2019,Nov,19,Autumn,Saturday,9431
2019,Nov,19,Autumn,Sunday,7155
2019,Nov,19,Autumn,Thursday,9425
2019,Nov,19,Autumn,Tuesday,15049
2019,Nov,19,Autumn,Wednesday,12893
2019,Nov,20,Autumn,Friday,8733
2019,Nov,20,Autumn,Monday,9000
2019,Nov,20,Autumn,Saturday,6974
2019,Nov,20,Autumn,Sunday,5604
2019,Nov,20,Autumn,Thursday,6920
2019,Nov,20,Autumn,Tuesday,10202
2019,Nov,20,Autumn,Wednesday,9147
2019,Nov,21,Autumn,Friday,6367
2019,Nov,21,Autumn,Monday,6371
2019,Nov,21,Autumn,Saturday,5265
2019,Nov,21,Autumn,Sunday,4279
2019,Nov,21,Autumn,Thursday,5514
2019,Nov,21,Autumn,Tuesday,7185
2019,Nov,21,Autumn,Wednesday,6659
2019,Nov,22,Autumn,Friday,5001
2019,Nov,22,Autumn,Monday,4218
2019,Nov,22,Autumn,Saturday,4315
2019,Nov,22,Autumn,Sunday,3165
2019,Nov,22,Autumn,Thursday,4492
2019,Nov,22,Autumn,Tuesday,4936
2019,Nov,22,Autumn,Wednesday,4735
2019,Nov,23,Autumn,Friday,3823
2019,Nov,23,Autumn,Monday,2341
2019,Nov,23,Autumn,Saturday,3623
2019,Nov,23,Autumn,Sunday,2051
2019,Nov,23,Autumn,Thursday,2990
2019,Nov,23,Autumn,Tuesday,2803
2019,Nov,23,Autumn,Wednesday,2746
